emp_no,first_name,last_name,dept_name,manager_fn,manager_ln
10095,Hilari,Morton,Sales,Hauke,Zhang
10122,Ohad,Esposito,Development,Leon,DasSarma
10291,Dipayan,Seghrouchni,Sales,Hauke,Zhang
10476,Kokou,Iisaka,Research,Hilary,Kambil
10663,Teunis,Noriega,Production,Oscar,Ghazalie
10762,Lech,Himler,Research,Hilary,Kambil
10933,Juyoung,Seghrouchni,Production,Oscar,Ghazalie
12155,Keiichiro,Glinert,Production,Oscar,Ghazalie
12408,Rasiah,Sudkamp,Development,Leon,DasSarma
12643,Morrie,Schurmann,Finance,Isamu,Legleitner
13499,Kazuhiko,Sidou,Production,Oscar,Ghazalie
14075,Denny,Tchuente,Development,Leon,DasSarma
14104,Sudhanshu,Demian,Human Resources,Karsten,Sigstam
14127,Magdalena,Cannard,Production,Oscar,Ghazalie
14158,Caolyn,Setiz,Sales,Hauke,Zhang
14476,Sastry,Marrevee,Production,Oscar,Ghazalie
14907,Nakhoon,Luga,Sales,Hauke,Zhang
15050,Nikolaos,Kruskal,Production,Oscar,Ghazalie
15058,Bouchung,Bugrara,Finance,Isamu,Legleitner
15413,Arvin,Rabejac,Development,Leon,DasSarma
16461,Remmert,Schahn,Sales,Hauke,Zhang
16528,Gaurav,Swick,Production,Oscar,Ghazalie
17013,Morris,Garigliano,Finance,Isamu,Legleitner
17206,Berry,DeMori,Production,Oscar,Ghazalie
17369,Yaghout,Kenevan,Production,Oscar,Ghazalie
17447,Zengping,Boreale,Sales,Hauke,Zhang
17731,Gennady,Roison,Development,Leon,DasSarma
17970,Filipp,Carrere,Production,Oscar,Ghazalie
17988,Mabhin,Calkin,Production,Oscar,Ghazalie
18021,Adil,Matzke,Development,Leon,DasSarma
18424,Filipp,Rousseau,Development,Leon,DasSarma
18583,Stafford,Honglei,Customer Service,Yuchang,Weedman
18617,Surveyors,Crouzet,Human Resources,Karsten,Sigstam
18810,Taiji,Jarecki,Development,Leon,DasSarma
19236,Elzbieta,Morris,Production,Oscar,Ghazalie
19350,Satoru,Yoshizawa,Customer Service,Yuchang,Weedman
19803,Ziva,Kowalchuk,Development,Leon,DasSarma
20100,Utz,Heuter,Marketing,Vishwani,Minakawa
20128,Kazunori,Peak,Customer Service,Yuchang,Weedman
20129,Rafael,Skafidas,Production,Oscar,Ghazalie
20248,Vidar,Demri,Customer Service,Yuchang,Weedman
20313,Candida,Benveniste,Production,Oscar,Ghazalie
20500,Christoph,Trystram,Customer Service,Yuchang,Weedman
20885,Otmar,Rothenberg,Production,Oscar,Ghazalie
21181,Jianhui,Cangellaris,Production,Oscar,Ghazalie
21188,Piyush,Danecki,Development,Leon,DasSarma
21546,Yongmin,Lanteri,Marketing,Vishwani,Minakawa
21843,Karsten,Azadmanesh,Development,Leon,DasSarma
21909,Mohammed,Brizzi,Sales,Hauke,Zhang
22185,Huai,Birch,Production,Oscar,Ghazalie
22415,Perla,Jumpertz,Sales,Hauke,Zhang
22451,Jasminko,Bresenham,Development,Leon,DasSarma
22455,Barry,Unno,Marketing,Vishwani,Minakawa
22926,Manibrata,Genther,Production,Oscar,Ghazalie
23396,Hilari,Fairtlough,Production,Oscar,Ghazalie
24080,Jaana,Perez,Development,Leon,DasSarma
24205,Roddy,Rubsam,Development,Leon,DasSarma
24377,Lubomir,Wroclawski,Quality Management,Dung,Pesch
24394,Zhonghui,Conta,Sales,Hauke,Zhang
24553,Anwar,Passafiume,Sales,Hauke,Zhang
24571,Cordelia,Gischer,Production,Oscar,Ghazalie
25488,Ingmar,Basawa,Research,Hilary,Kambil
26629,Nevin,Rodham,Research,Hilary,Kambil
26671,Jiakeng,Kalorkoti,Development,Leon,DasSarma
26788,Zongyan,Dalphin,Development,Leon,DasSarma
27331,Wanqing,Krohm,Customer Service,Yuchang,Weedman
27378,Piyawadee,Leppanen,Finance,Isamu,Legleitner
27620,Shuji,Kandlur,Production,Oscar,Ghazalie
27686,Manu,Rosiles,Sales,Hauke,Zhang
27699,Falguni,Pezzoli,Production,Oscar,Ghazalie
27767,Tooru,Veldwijk,Customer Service,Yuchang,Weedman
28193,Xinglin,Mitsuhashi,Development,Leon,DasSarma
28974,Chenxi,Sundgren,Development,Leon,DasSarma
28988,Tua,Giveon,Production,Oscar,Ghazalie
29130,Xumin,Thorensen,Marketing,Vishwani,Minakawa
29265,Gilbert,Calkin,Customer Service,Yuchang,Weedman
29380,Satoru,Vidal,Production,Oscar,Ghazalie
29418,Valery,Mersereau,Production,Oscar,Ghazalie
29679,Kolar,Steenbeek,Development,Leon,DasSarma
29782,Jouko,Hellwagner,Production,Oscar,Ghazalie
29954,Pranay,Giarratana,Production,Oscar,Ghazalie
30007,Kousuke,Vecchio,Production,Oscar,Ghazalie
30035,Tetsushi,Conta,Research,Hilary,Kambil
30154,Mayuko,Skafidas,Development,Leon,DasSarma
30182,Leon,Potthoff,Development,Leon,DasSarma
30465,Randi,Avouris,Development,Leon,DasSarma
30484,Sailaja,Chvatal,Sales,Hauke,Zhang
30695,Gudjon,Majewski,Development,Leon,DasSarma
30938,Yakkov,Samarati,Marketing,Vishwani,Minakawa
31147,Divine,Sidhu,Finance,Isamu,Legleitner
31188,Leandro,Gist,Production,Oscar,Ghazalie
31207,Abdelwaheb,Dulin,Production,Oscar,Ghazalie
31341,Oksana,Zultner,Finance,Isamu,Legleitner
31514,Harngdar,Schapire,Development,Leon,DasSarma
31568,Mark,Lalonde,Marketing,Vishwani,Minakawa
31909,Murthy,Peek,Production,Oscar,Ghazalie
32347,Terresa,Peres,Marketing,Vishwani,Minakawa
32552,Atreye,Stanger,Development,Leon,DasSarma
32649,Ingmar,Nannarelli,Research,Hilary,Kambil
32714,Radoslaw,Maliniak,Marketing,Vishwani,Minakawa
32844,Tadahiko,Melton,Development,Leon,DasSarma
33025,Jessie,Thorelli,Customer Service,Yuchang,Weedman
33215,Steen,Fasbender,Production,Oscar,Ghazalie
33722,Anwar,Collette,Research,Hilary,Kambil
34077,Angel,Sichman,Sales,Hauke,Zhang
34261,Kyoichi,Callaway,Human Resources,Karsten,Sigstam
34446,Chinhyun,Bauknecht,Development,Leon,DasSarma
34452,Naftaly,Foong,Production,Oscar,Ghazalie
34505,Felicidad,Kumaresan,Sales,Hauke,Zhang
34533,Erzsebet,Shigei,Quality Management,Dung,Pesch
34780,Moni,Kohling,Sales,Hauke,Zhang
34788,Ennio,Babu,Production,Oscar,Ghazalie
34936,Bokyung,Stamatiou,Production,Oscar,Ghazalie
35044,Jiang,Waschkowski,Production,Oscar,Ghazalie
35087,Leif,Ashish,Customer Service,Yuchang,Weedman
35441,Chandrasekaran,Peek,Research,Hilary,Kambil
35642,Ashish,Talmon,Quality Management,Dung,Pesch
35793,Oscar,Kusalik,Customer Service,Yuchang,Weedman
35798,Ulf,Oberman,Development,Leon,DasSarma
36521,Serif,Gladwell,Finance,Isamu,Legleitner
36626,Fen,Genin,Sales,Hauke,Zhang
36733,Uma,Reinhard,Customer Service,Yuchang,Weedman
36844,Hailing,Levergood,Customer Service,Yuchang,Weedman
36982,Kotesh,Rajala,Quality Management,Dung,Pesch
37070,Jeong,Undy,Customer Service,Yuchang,Weedman
37945,Suzette,Butterworth,Development,Leon,DasSarma
38043,Michaela,Randi,Development,Leon,DasSarma
38103,Masasuke,Babu,Production,Oscar,Ghazalie
38168,Fumiko,Deverell,Sales,Hauke,Zhang
38550,JoAnne,Baez,Quality Management,Dung,Pesch
38593,Huei,Orsini,Production,Oscar,Ghazalie
38947,Shuichi,Ruemmler,Marketing,Vishwani,Minakawa
39000,Martijn,Vendrig,Research,Hilary,Kambil
39036,Changho,Cappelli,Human Resources,Karsten,Sigstam
39301,Rimon,Kawashima,Research,Hilary,Kambil
39341,Mahmut,Lampe,Production,Oscar,Ghazalie
39952,Otmar,Sudbeck,Sales,Hauke,Zhang
40269,Toshiki,Ghazalie,Sales,Hauke,Zhang
40283,Sudhanshu,Boissier,Development,Leon,DasSarma
40301,Spyrose,Felder,Customer Service,Yuchang,Weedman
40536,Harngdar,Bernardinello,Development,Leon,DasSarma
40765,Michaela,Ramsak,Research,Hilary,Kambil
40773,Shimshon,Aingworth,Customer Service,Yuchang,Weedman
40983,Marla,Cherinka,Development,Leon,DasSarma
41114,Petter,Thummel,Production,Oscar,Ghazalie
41137,Bikash,Buchter,Customer Service,Yuchang,Weedman
41357,Willard,Vernadat,Development,Leon,DasSarma
41518,Keung,Schapiro,Production,Oscar,Ghazalie
41520,Xiong,Uhrik,Development,Leon,DasSarma
41609,Yucai,Simmen,Sales,Hauke,Zhang
42778,Shuji,Remmers,Human Resources,Karsten,Sigstam
42911,Brigham,Eterovic,Production,Oscar,Ghazalie
42950,Shaleah,Eickenmeyer,Research,Hilary,Kambil
42955,Yucel,Lortz,Quality Management,Dung,Pesch
43154,Maha,Waterhouse,Finance,Isamu,Legleitner
43733,Huei,Boguraev,Human Resources,Karsten,Sigstam
43848,Phillip,Oxenboll,Production,Oscar,Ghazalie
44054,Alenka,Ritcey,Development,Leon,DasSarma
44265,Maria,Eppinger,Development,Leon,DasSarma
44540,Mingzeng,Sadowski,Development,Leon,DasSarma
44900,Mark,Schwaller,Marketing,Vishwani,Minakawa
44959,Volkmar,Uhrik,Production,Oscar,Ghazalie
44962,Sariel,Wynblatt,Development,Leon,DasSarma
45162,Dulce,Speel,Development,Leon,DasSarma
46000,Zhaofang,Penn,Customer Service,Yuchang,Weedman
46328,Wuxu,Trogemann,Sales,Hauke,Zhang
46811,Junsik,Berendt,Production,Oscar,Ghazalie
46834,Tooru,Daescu,Sales,Hauke,Zhang
46943,Pasqua,Maraist,Development,Leon,DasSarma
47016,Toong,Litecky,Customer Service,Yuchang,Weedman
47139,Marco,Usdin,Development,Leon,DasSarma
47262,Gonzalo,Binkley,Development,Leon,DasSarma
47515,Naraig,Jenevein,Development,Leon,DasSarma
47702,Juyoung,Vieri,Sales,Hauke,Zhang
47708,Edwin,Haldar,Marketing,Vishwani,Minakawa
48275,Sariel,Massonet,Sales,Hauke,Zhang
48690,Hitomi,Schaap,Human Resources,Karsten,Sigstam
48882,Leen,Lamparter,Production,Oscar,Ghazalie
48904,Yuichiro,Malabarba,Finance,Isamu,Legleitner
48947,Filipp,Akaboshi,Sales,Hauke,Zhang
49010,Kazuhisa,Benantar,Marketing,Vishwani,Minakawa
49017,Filipp,Flanders,Development,Leon,DasSarma
49119,Lena,Peek,Production,Oscar,Ghazalie
49177,Tze,Bach,Production,Oscar,Ghazalie
49464,Siddarth,Cappelletti,Sales,Hauke,Zhang
49477,Baocai,Leaver,Human Resources,Karsten,Sigstam
50293,Xinan,Rindone,Production,Oscar,Ghazalie
50311,Mooi,Stafford,Quality Management,Dung,Pesch
50453,Aron,Harbusch,Finance,Isamu,Legleitner
50670,Boguslaw,Snedden,Marketing,Vishwani,Minakawa
50831,Marie,Khalid,Production,Oscar,Ghazalie
51036,Chriss,Fasbender,Sales,Hauke,Zhang
51057,Theirry,Albarhamtoshy,Marketing,Vishwani,Minakawa
51060,Youngkon,Rohrbach,Development,Leon,DasSarma
51142,Rosine,Lakshmanan,Development,Leon,DasSarma
52038,Chikako,Armand,Production,Oscar,Ghazalie
52040,Phule,Heijenga,Development,Leon,DasSarma
52283,Trygve,Krupka,Research,Hilary,Kambil
52386,Adas,Denti,Sales,Hauke,Zhang
52590,Jouni,Munoz,Development,Leon,DasSarma
52599,Augustine,Mungall,Customer Service,Yuchang,Weedman
52639,Arup,Colorni,Sales,Hauke,Zhang
52770,Shugo,Yurek,Sales,Hauke,Zhang
52778,Alain,Penn,Quality Management,Dung,Pesch
52956,Khalil,Picci,Quality Management,Dung,Pesch
52970,Lobel,Werthner,Production,Oscar,Ghazalie
53278,Premsyl,Lortz,Sales,Hauke,Zhang
53314,Eberhardt,Carrera,Research,Hilary,Kambil
53431,Sham,Vasanthakumar,Customer Service,Yuchang,Weedman
53499,Zdislav,Mandelberg,Production,Oscar,Ghazalie
53597,Jiafu,Marchegay,Development,Leon,DasSarma
53874,Bodo,Schade,Marketing,Vishwani,Minakawa
53924,Arnould,Gaughan,Production,Oscar,Ghazalie
54198,Shaowen,Segond,Development,Leon,DasSarma
54632,Etsuo,Serot,Finance,Isamu,Legleitner
54795,Sumant,Nergos,Production,Oscar,Ghazalie
54800,Breannda,Cangellaris,Sales,Hauke,Zhang
55640,Adit,Syrotiuk,Production,Oscar,Ghazalie
55687,Shih,Lindqvist,Development,Leon,DasSarma
55799,Jianwen,Litzler,Production,Oscar,Ghazalie
55857,Adin,Scallan,Sales,Hauke,Zhang
56105,Makato,Remmers,Development,Leon,DasSarma
56209,Remzi,Douceur,Production,Oscar,Ghazalie
56415,Sigeru,Nivat,Finance,Isamu,Legleitner
56428,Olivera,Hanabata,Sales,Hauke,Zhang
56682,Roded,Picco,Development,Leon,DasSarma
56829,Nagui,Gruenwald,Quality Management,Dung,Pesch
56847,Menkae,Chinin,Quality Management,Dung,Pesch
57934,Sanjoy,Boudaillier,Development,Leon,DasSarma
58141,Bezalel,Karner,Finance,Isamu,Legleitner
58147,Shigenori,Sullins,Marketing,Vishwani,Minakawa
58384,Mariusz,Vural,Development,Leon,DasSarma
58454,Ziya,Zambonelli,Production,Oscar,Ghazalie
58497,Yechiam,Cairo,Marketing,Vishwani,Minakawa
58819,Gennady,Liesche,Sales,Hauke,Zhang
58990,Palash,Trelles,Development,Leon,DasSarma
59195,Ronnie,Pollock,Development,Leon,DasSarma
59640,Zita,Hiltgen,Finance,Isamu,Legleitner
59869,Zsolt,Riefers,Marketing,Vishwani,Minakawa
59966,Steen,Salvesen,Production,Oscar,Ghazalie
60000,Heekeun,Emmart,Development,Leon,DasSarma
60091,Surveyors,Bade,Customer Service,Yuchang,Weedman
60238,Erzsebet,Claffy,Marketing,Vishwani,Minakawa
60559,Jeanna,Stemann,Production,Oscar,Ghazalie
60821,Moty,Mersereau,Human Resources,Karsten,Sigstam
60845,Bedir,Siegrist,Production,Oscar,Ghazalie
60875,Rildo,Masaki,Quality Management,Dung,Pesch
60959,Tetsushi,Sridhar,Marketing,Vishwani,Minakawa
61147,Leszek,Werthner,Marketing,Vishwani,Minakawa
61253,Cheong,Uhrik,Research,Hilary,Kambil
61377,Dannz,Ohori,Production,Oscar,Ghazalie
61541,Kasidit,Papsdorf,Development,Leon,DasSarma
61873,Woody,Rusmann,Quality Management,Dung,Pesch
62033,Heeju,Cappelli,Production,Oscar,Ghazalie
62046,Karlis,Nanard,Production,Oscar,Ghazalie
62245,Adel,Bressoud,Development,Leon,DasSarma
63294,Tetsushi,Tanemo,Production,Oscar,Ghazalie
63419,Hiroyasu,Seuren,Production,Oscar,Ghazalie
63441,Hinrich,Scallan,Human Resources,Karsten,Sigstam
63566,Heekeun,Slaats,Sales,Hauke,Zhang
63631,Falguni,Cherinka,Customer Service,Yuchang,Weedman
63706,Sedat,Itzigehl,Development,Leon,DasSarma
64023,Laurentiu,Benzmuller,Development,Leon,DasSarma
64209,Golgen,Schoegge,Customer Service,Yuchang,Weedman
64487,Tsutomu,Rebaine,Quality Management,Dung,Pesch
64532,Atilio,Segond,Production,Oscar,Ghazalie
64632,Zsolt,Brender,Sales,Hauke,Zhang
64790,Shin,Piveteau,Development,Leon,DasSarma
64828,Krister,Pappas,Sales,Hauke,Zhang
64984,Eldridge,Eldridge,Quality Management,Dung,Pesch
65171,Jeane,Tasistro,Production,Oscar,Ghazalie
65539,Aksel,Picaronny,Development,Leon,DasSarma
65883,Patricia,Pepe,Sales,Hauke,Zhang
65998,Mandell,Alameldin,Sales,Hauke,Zhang
66382,Domenico,Candan,Production,Oscar,Ghazalie
66530,Dung,Leaver,Research,Hilary,Kambil
66643,Jianhao,Tomescu,Production,Oscar,Ghazalie
66702,Deniz,Thibadeau,Development,Leon,DasSarma
66757,Yonghong,Baig,Marketing,Vishwani,Minakawa
66807,Aiman,Rosaz,Development,Leon,DasSarma
67320,Sadok,Lorys,Marketing,Vishwani,Minakawa
67548,Fumitaka,Roohalamini,Human Resources,Karsten,Sigstam
67934,Aiman,Gargeya,Production,Oscar,Ghazalie
68416,Munenori,Debuse,Production,Oscar,Ghazalie
68608,Yucai,Seghrouchni,Production,Oscar,Ghazalie
68633,Chinhyun,Rassart,Production,Oscar,Ghazalie
68648,Jaques,DiGiano,Development,Leon,DasSarma
69052,Shietung,Shrader,Sales,Hauke,Zhang
69219,Shuky,Redmiles,Marketing,Vishwani,Minakawa
69867,Miyeon,Rothe,Sales,Hauke,Zhang
69878,Chinya,Cooke,Development,Leon,DasSarma
69936,Lalit,Unni,Production,Oscar,Ghazalie
70469,Tru,Miyakawa,Marketing,Vishwani,Minakawa
70990,Arumugam,Nitta,Production,Oscar,Ghazalie
71066,Domenick,Basart,Sales,Hauke,Zhang
71141,Sajjad,Vitiello,Human Resources,Karsten,Sigstam
71188,Pranjal,Schapiro,Sales,Hauke,Zhang
71243,Kinh,Buchter,Production,Oscar,Ghazalie
71334,Cathie,Peck,Research,Hilary,Kambil
71685,Kristinn,Olano,Production,Oscar,Ghazalie
71710,Hitomi,Takanami,Development,Leon,DasSarma
71745,Adil,Laventhal,Development,Leon,DasSarma
72190,Sajjad,Waeselynck,Development,Leon,DasSarma
72194,Feiyu,Siepmann,Production,Oscar,Ghazalie
72232,Naraig,Veldwijk,Quality Management,Dung,Pesch
72640,Honglan,Hutton,Quality Management,Dung,Pesch
72918,Takahira,Szilard,Sales,Hauke,Zhang
73076,Froduald,Feldhoffer,Development,Leon,DasSarma
73233,Shigeo,Merey,Production,Oscar,Ghazalie
73516,Qingxiang,Badache,Production,Oscar,Ghazalie
73743,Anneke,Bernardeschi,Customer Service,Yuchang,Weedman
74200,Holgard,Weiland,Production,Oscar,Ghazalie
74344,Hiroyasu,Provine,Development,Leon,DasSarma
74668,Masako,Bonifati,Sales,Hauke,Zhang
74800,Yuuichi,Conde,Production,Oscar,Ghazalie
75354,Shuky,Jakobus,Development,Leon,DasSarma
75703,Kyoichi,Erman,Development,Leon,DasSarma
76189,Kolar,Hinsberger,Production,Oscar,Ghazalie
76201,Arif,Preusig,Development,Leon,DasSarma
76640,Tristan,Mitsuhashi,Quality Management,Dung,Pesch
77030,Faiza,Garnham,Development,Leon,DasSarma
77303,Xinglin,Birge,Customer Service,Yuchang,Weedman
77647,Niranjan,Schaaf,Production,Oscar,Ghazalie
77815,Ronghao,Picaronny,Development,Leon,DasSarma
78106,Ashish,Ratnaker,Marketing,Vishwani,Minakawa
78363,Susumu,Fritzsche,Quality Management,Dung,Pesch
78469,Leucio,Cappelli,Human Resources,Karsten,Sigstam
78871,Conor,Ghandeharizadeh,Development,Leon,DasSarma
79043,Katsuo,Hockney,Production,Oscar,Ghazalie
79171,Guiseppe,Ellozy,Production,Oscar,Ghazalie
79310,Jeong,Cunliffe,Marketing,Vishwani,Minakawa
79606,Arnd,Peir,Development,Leon,DasSarma
79763,Sanjoy,Barreiro,Marketing,Vishwani,Minakawa
79895,Fei,Murtagh,Sales,Hauke,Zhang
80067,Kazuhisa,Weiland,Customer Service,Yuchang,Weedman
80203,Shakhar,Baik,Sales,Hauke,Zhang
80432,Stella,Figueira,Research,Hilary,Kambil
80731,Shaowen,Eldridge,Sales,Hauke,Zhang
80850,Koldo,Luit,Production,Oscar,Ghazalie
80889,Shigeo,Linnainmaa,Development,Leon,DasSarma
80948,Harjit,Bardell,Development,Leon,DasSarma
81105,Jaewon,Boissier,Development,Leon,DasSarma
81545,Larisa,Kornyak,Development,Leon,DasSarma
81644,Divine,Ghandeharizadeh,Sales,Hauke,Zhang
81995,Sreekrishna,Brender,Development,Leon,DasSarma
82069,Yechezkel,Perfilyeva,Production,Oscar,Ghazalie
82098,Poornachandra,Wilharm,Production,Oscar,Ghazalie
82351,Stevo,Thambidurai,Human Resources,Karsten,Sigstam
82511,Uwe,Koblick,Development,Leon,DasSarma
82919,Shigeu,Claffy,Development,Leon,DasSarma
82928,Alselm,Rikino,Development,Leon,DasSarma
83280,Francesca,Ellozy,Production,Oscar,Ghazalie
83289,Shigeichiro,Engelmann,Development,Leon,DasSarma
83509,Breannda,Collavizza,Development,Leon,DasSarma
83544,Leaf,Baak,Sales,Hauke,Zhang
83714,Ohad,Kilgore,Customer Service,Yuchang,Weedman
83805,Manohar,Harllee,Development,Leon,DasSarma
83941,Zsolt,Hagimont,Research,Hilary,Kambil
84029,Babette,Eugenio,Customer Service,Yuchang,Weedman
84179,Shuichi,Nanard,Production,Oscar,Ghazalie
84236,Eberhardt,Barriga,Sales,Hauke,Zhang
84315,Kristina,Baumann,Development,Leon,DasSarma
84451,Shiv,Aumann,Development,Leon,DasSarma
84508,Tommaso,Vidya,Development,Leon,DasSarma
84840,Sverrir,Neimat,Research,Hilary,Kambil
84922,Parke,Unno,Development,Leon,DasSarma
84942,Shin,Fujisaki,Quality Management,Dung,Pesch
85216,Ferdinand,Rosiles,Finance,Isamu,Legleitner
85288,Younwoo,Luders,Quality Management,Dung,Pesch
85414,Chiradeep,Callaway,Finance,Isamu,Legleitner
85445,Yongdong,Pollock,Sales,Hauke,Zhang
85702,Udi,Merks,Quality Management,Dung,Pesch
85874,Pasqua,Taubman,Customer Service,Yuchang,Weedman
86213,Kristine,Clemencon,Marketing,Vishwani,Minakawa
86354,Ronghao,Segond,Development,Leon,DasSarma
86422,Jaewon,Thummel,Marketing,Vishwani,Minakawa
86546,Oldrich,Woycyznski,Production,Oscar,Ghazalie
86655,Zhenhua,Lorys,Production,Oscar,Ghazalie
86672,JoAnne,Anido,Research,Hilary,Kambil
87129,Keung,Neiman,Sales,Hauke,Zhang
87353,Quingbo,Coombs,Development,Leon,DasSarma
87714,Khun,Janetzko,Production,Oscar,Ghazalie
87729,Yongmin,Roccetti,Research,Hilary,Kambil
87783,Conor,Thorensen,Development,Leon,DasSarma
88103,Goo,Bresenham,Sales,Hauke,Zhang
88411,Lena,Cannane,Development,Leon,DasSarma
88422,Jungsoon,Birsak,Production,Oscar,Ghazalie
88647,Vasiliy,Ratnaker,Development,Leon,DasSarma
88958,Vojin,Coombs,Finance,Isamu,Legleitner
88965,Mang,Hedayat,Development,Leon,DasSarma
89048,Otmar,Birjandi,Development,Leon,DasSarma
89090,Tetsushi,Theuretzbacher,Human Resources,Karsten,Sigstam
89161,Conal,Yetto,Finance,Isamu,Legleitner
89207,Along,Erol,Human Resources,Karsten,Sigstam
89346,Mansur,Comyn,Development,Leon,DasSarma
89590,Guther,Rothenberg,Research,Hilary,Kambil
89664,Pranjal,Rossi,Marketing,Vishwani,Minakawa
89680,Aiman,Mawatari,Production,Oscar,Ghazalie
89806,Xiadong,Shinomoto,Production,Oscar,Ghazalie
89922,Alexius,Ibel,Production,Oscar,Ghazalie
89941,Arnould,Weedman,Marketing,Vishwani,Minakawa
90077,Vivian,Guerreiro,Development,Leon,DasSarma
90084,Renny,Bale,Production,Oscar,Ghazalie
90211,Bader,Denis,Production,Oscar,Ghazalie
90292,Koichi,Assaf,Production,Oscar,Ghazalie
90518,Fumiko,Chepyzhov,Customer Service,Yuchang,Weedman
90614,Yonghoan,Trogemann,Production,Oscar,Ghazalie
90692,Rajmohan,DasSarma,Marketing,Vishwani,Minakawa
91172,Kazuhisa,Melter,Customer Service,Yuchang,Weedman
91182,Lucien,Schwartzburd,Development,Leon,DasSarma
91229,Yahiko,Hebden,Production,Oscar,Ghazalie
91256,Gunilla,Milicic,Marketing,Vishwani,Minakawa
91333,Lobel,Stafford,Sales,Hauke,Zhang
91415,Jamaludin,Nilsson,Sales,Hauke,Zhang
91648,Dmitry,Msuda,Marketing,Vishwani,Minakawa
92438,Aria,Kilgore,Customer Service,Yuchang,Weedman
92454,Visit,McFarlan,Quality Management,Dung,Pesch
92577,Zhanqiu,Farrow,Production,Oscar,Ghazalie
92598,Ranga,Merro,Production,Oscar,Ghazalie
92685,Mang,Atchley,Sales,Hauke,Zhang
92841,Claude,Candan,Sales,Hauke,Zhang
92846,Anyuan,Kropatsch,Marketing,Vishwani,Minakawa
92920,Huei,Hutter,Development,Leon,DasSarma
93040,Jaques,Kabayashi,Development,Leon,DasSarma
93220,Richara,Walston,Quality Management,Dung,Pesch
93278,Magdalena,Penn,Production,Oscar,Ghazalie
93549,Arie,Coullard,Sales,Hauke,Zhang
93600,Kristina,Neimat,Production,Oscar,Ghazalie
94331,Ramzi,Cronau,Production,Oscar,Ghazalie
94416,Aran,Cesareni,Sales,Hauke,Zhang
94761,Hitofumi,Zaccaria,Development,Leon,DasSarma
94944,Heping,Matheson,Development,Leon,DasSarma
95181,Yishai,Cappelli,Research,Hilary,Kambil
95286,Kristin,Guerreiro,Development,Leon,DasSarma
95314,Rasiah,Koblick,Sales,Hauke,Zhang
95406,Alair,Lyonns,Development,Leon,DasSarma
95416,Gianluca,Ramaiah,Development,Leon,DasSarma
95509,Kristinn,Loncour,Production,Oscar,Ghazalie
95920,Nobuyoshi,Hegner,Finance,Isamu,Legleitner
96571,Kokou,Garrabrants,Production,Oscar,Ghazalie
96579,Mohan,Tasistro,Production,Oscar,Ghazalie
96767,Arumugam,Vecchio,Production,Oscar,Ghazalie
97018,Jeanna,Chinen,Production,Oscar,Ghazalie
97623,Haldon,Janetzko,Human Resources,Karsten,Sigstam
97661,Avishai,Hegner,Research,Hilary,Kambil
98288,Sumali,Huttel,Research,Hilary,Kambil
98306,Ziya,Kadhim,Production,Oscar,Ghazalie
98639,Florina,Assaf,Research,Hilary,Kambil
99057,Shugo,Reeken,Customer Service,Yuchang,Weedman
99373,Xiaobin,Christianini,Customer Service,Yuchang,Weedman
99377,Carrsten,Francisci,Development,Leon,DasSarma
99590,Dhritiman,Anily,Sales,Hauke,Zhang
99654,Mahendra,Motley,Research,Hilary,Kambil
100865,Hisao,Peral,Production,Oscar,Ghazalie
100916,Heejo,Aamodt,Development,Leon,DasSarma
101487,Abdelaziz,Sury,Sales,Hauke,Zhang
101647,Mori,Homond,Sales,Hauke,Zhang
101902,Mantis,Millington,Sales,Hauke,Zhang
102620,Adin,Templeman,Quality Management,Dung,Pesch
103196,Djenana,Albarhamtoshy,Human Resources,Karsten,Sigstam
103310,Visit,Swen,Marketing,Vishwani,Minakawa
103316,Susanne,Peternell,Development,Leon,DasSarma
103342,Beshir,Hellwagner,Quality Management,Dung,Pesch
103756,Heping,Halloran,Development,Leon,DasSarma
104133,Pranjal,Zyda,Sales,Hauke,Zhang
104845,Werner,Lodder,Finance,Isamu,Legleitner
104988,Parviz,Litzler,Development,Leon,DasSarma
105342,Kwun,Reeker,Quality Management,Dung,Pesch
105356,Diederik,Matzov,Research,Hilary,Kambil
105432,Mohamadou,Stafford,Development,Leon,DasSarma
105520,Haldun,Lienhardt,Sales,Hauke,Zhang
105731,Sachem,Cromarty,Development,Leon,DasSarma
106096,Naftali,Schurmann,Production,Oscar,Ghazalie
106242,Nevio,Thisen,Human Resources,Karsten,Sigstam
106695,Lijie,Garrabrants,Development,Leon,DasSarma
106710,Babette,Anandan,Marketing,Vishwani,Minakawa
107486,Siamak,Luiz,Development,Leon,DasSarma
107737,Fabrizio,Chleq,Development,Leon,DasSarma
107792,Shahab,Crooks,Marketing,Vishwani,Minakawa
107828,Ramya,Walston,Sales,Hauke,Zhang
108091,Hisao,Ghemri,Customer Service,Yuchang,Weedman
108198,Randi,Samarati,Research,Hilary,Kambil
108316,Shai,Stellhorn,Production,Oscar,Ghazalie
108988,Oksana,Baek,Sales,Hauke,Zhang
109062,Jamaludin,Kandlur,Development,Leon,DasSarma
109211,Gor,Delgrande,Research,Hilary,Kambil
109252,Moty,Winter,Production,Oscar,Ghazalie
109278,Bangqing,Schach,Finance,Isamu,Legleitner
109552,Menkae,Etalle,Development,Leon,DasSarma
109598,Stamatina,Auyong,Finance,Isamu,Legleitner
109620,Mani,Cannata,Sales,Hauke,Zhang
109703,Arco,Walston,Production,Oscar,Ghazalie
109741,Hatem,Fadgyas,Production,Oscar,Ghazalie
109953,Godehard,Chorvat,Sales,Hauke,Zhang
200267,Chuanti,Luff,Customer Service,Yuchang,Weedman
200312,Akemi,Fujisaki,Quality Management,Dung,Pesch
200363,Kirk,Quaggetto,Development,Leon,DasSarma
200735,Dinah,Denos,Marketing,Vishwani,Minakawa
200789,Susumu,Camurati,Marketing,Vishwani,Minakawa
201229,Alejandra,Khasidashvili,Human Resources,Karsten,Sigstam
201708,Anneli,Perl,Human Resources,Karsten,Sigstam
201709,Fan,Kakkad,Finance,Isamu,Legleitner
201739,Genta,Terekhov,Development,Leon,DasSarma
201801,Waiman,Genin,Development,Leon,DasSarma
201915,Sudharsan,DeMori,Production,Oscar,Ghazalie
202291,Ortrun,Schmiedel,Production,Oscar,Ghazalie
202403,Gully,Perko,Production,Oscar,Ghazalie
202414,Zvonko,Murthy,Customer Service,Yuchang,Weedman
202552,Morris,Saoudi,Production,Oscar,Ghazalie
202826,Kerhong,Matzke,Development,Leon,DasSarma
202882,Isaac,Koshino,Development,Leon,DasSarma
202950,Giordano,Pietrzykowski,Human Resources,Karsten,Sigstam
203474,Hugh,Jonsson,Sales,Hauke,Zhang
203495,Zongyan,Gips,Development,Leon,DasSarma
203599,Ewing,DiGiano,Development,Leon,DasSarma
203720,Sasan,Thimonier,Sales,Hauke,Zhang
203946,Yefim,Marwedel,Human Resources,Karsten,Sigstam
204117,Jessie,Nooteboom,Customer Service,Yuchang,Weedman
204133,Susuma,Bergere,Finance,Isamu,Legleitner
204246,Arve,Worfolk,Research,Hilary,Kambil
204425,Gretta,Huttel,Development,Leon,DasSarma
204470,Hein,Lichtner,Customer Service,Yuchang,Weedman
204471,Franziska,Maginnis,Development,Leon,DasSarma
204764,Susanne,Mandelberg,Development,Leon,DasSarma
205018,Yahiko,Awdeh,Quality Management,Dung,Pesch
205085,Moni,Kornyak,Development,Leon,DasSarma
205174,Leszek,Spinelli,Marketing,Vishwani,Minakawa
205500,Mary,Setiz,Development,Leon,DasSarma
205627,Stabislas,Broder,Production,Oscar,Ghazalie
205660,Kien,Barreiro,Marketing,Vishwani,Minakawa
205699,Youjian,Yetto,Sales,Hauke,Zhang
205789,Limsoon,Skafidas,Finance,Isamu,Legleitner
205863,Aiichiro,Kusalik,Quality Management,Dung,Pesch
206748,Yucai,Fabrizio,Sales,Hauke,Zhang
206836,Guadalupe,Pfau,Research,Hilary,Kambil
206966,Tzu,Sichman,Development,Leon,DasSarma
207021,Jacqueline,Akaboshi,Production,Oscar,Ghazalie
207068,Zhiguo,Ariola,Marketing,Vishwani,Minakawa
207204,Kellie,Schrooten,Development,Leon,DasSarma
207401,Shuji,Barbanera,Research,Hilary,Kambil
207551,Baziley,Falck,Development,Leon,DasSarma
207779,Chinya,Kamble,Research,Hilary,Kambil
207980,Remko,Vieth,Human Resources,Karsten,Sigstam
208147,Manu,Rothenberg,Development,Leon,DasSarma
208330,Shen,Flanders,Sales,Hauke,Zhang
208639,Larisa,Lukaszewicz,Customer Service,Yuchang,Weedman
208653,Phillip,Schade,Development,Leon,DasSarma
208784,Pranjal,Juneja,Production,Oscar,Ghazalie
209101,Xinyu,Edelhoff,Quality Management,Dung,Pesch
209443,Krassimir,Garnier,Human Resources,Karsten,Sigstam
209565,Dante,Covnot,Marketing,Vishwani,Minakawa
209712,Nimmagadda,Baak,Development,Leon,DasSarma
210017,Shalesh,Lovengreen,Human Resources,Karsten,Sigstam
210292,Lihong,Zeilberger,Human Resources,Karsten,Sigstam
210449,Gino,Lagarias,Production,Oscar,Ghazalie
210752,Saniya,Stenning,Marketing,Vishwani,Minakawa
210786,Werner,Ranze,Human Resources,Karsten,Sigstam
211858,Domenico,Ratnaker,Production,Oscar,Ghazalie
211879,Gao,Ranze,Development,Leon,DasSarma
211967,Anwar,Bain,Development,Leon,DasSarma
212093,Leni,Henders,Human Resources,Karsten,Sigstam
212154,Sailaja,Holburn,Customer Service,Yuchang,Weedman
212361,Claudi,Stanfel,Quality Management,Dung,Pesch
213016,Yongmao,Fontan,Development,Leon,DasSarma
213140,Tru,Danecki,Sales,Hauke,Zhang
213384,Pranas,Narwekar,Development,Leon,DasSarma
213447,Armond,Perly,Production,Oscar,Ghazalie
214215,Xiaoqiang,Cardazo,Sales,Hauke,Zhang
214391,Rayond,Klassen,Customer Service,Yuchang,Weedman
214427,Peer,Molberg,Production,Oscar,Ghazalie
214539,Ingmar,Kohling,Development,Leon,DasSarma
214634,Shirish,Vickson,Development,Leon,DasSarma
214789,Arfst,Chepyzhov,Production,Oscar,Ghazalie
214866,Gopalakrishnan,Angel,Development,Leon,DasSarma
214995,Dinkar,Hoppenstand,Production,Oscar,Ghazalie
215419,Flemming,Kroha,Human Resources,Karsten,Sigstam
215629,Munehiro,Manders,Customer Service,Yuchang,Weedman
215746,Sven,Speer,Finance,Isamu,Legleitner
215843,Pramod,Loncour,Marketing,Vishwani,Minakawa
216054,Sahrah,Angiulli,Research,Hilary,Kambil
216342,Aiichiro,Cromarty,Development,Leon,DasSarma
216375,Byong,Gustavson,Development,Leon,DasSarma
216502,Xiaocheng,Suermann,Development,Leon,DasSarma
216573,Ashish,Vidya,Production,Oscar,Ghazalie
216921,Lena,Lenart,Sales,Hauke,Zhang
217026,Otmar,Engberts,Sales,Hauke,Zhang
217080,Masami,Puoti,Development,Leon,DasSarma
217272,Yuchang,Eldridge,Sales,Hauke,Zhang
217286,Yannik,Spelt,Development,Leon,DasSarma
217320,Abdelwaheb,Denis,Quality Management,Dung,Pesch
217363,Horward,Marzano,Customer Service,Yuchang,Weedman
217387,Jianhao,Molenaar,Development,Leon,DasSarma
217551,Panayotis,Lukaszewicz,Production,Oscar,Ghazalie
217800,Shay,Servieres,Finance,Isamu,Legleitner
218022,Mokhtar,Poupard,Development,Leon,DasSarma
218100,Jiong,Garnham,Human Resources,Karsten,Sigstam
218831,Unal,DuBourdieux,Production,Oscar,Ghazalie
219035,Kristine,Bierman,Quality Management,Dung,Pesch
219047,Aemilian,Kusalik,Development,Leon,DasSarma
219052,Marsal,Acton,Marketing,Vishwani,Minakawa
219417,Subhrajyoti,Denna,Research,Hilary,Kambil
219497,Moie,Zastre,Development,Leon,DasSarma
219967,Susanna,Reeken,Human Resources,Karsten,Sigstam
220029,Demos,Asser,Development,Leon,DasSarma
220131,Reinhard,Slaats,Development,Leon,DasSarma
220418,Poorav,Laventhal,Sales,Hauke,Zhang
220528,Sibyl,Rabehasaina,Research,Hilary,Kambil
220582,Poornachandra,Zielinski,Marketing,Vishwani,Minakawa
220611,Yuping,Babb,Sales,Hauke,Zhang
220625,Shigenori,Deville,Production,Oscar,Ghazalie
220699,Nahid,Gyimothy,Customer Service,Yuchang,Weedman
220799,Perla,Orlowska,Research,Hilary,Kambil
221126,Tesuya,dAstous,Development,Leon,DasSarma
221367,Saddek,Farris,Customer Service,Yuchang,Weedman
221369,Abdulah,Pocchiola,Quality Management,Dung,Pesch
221435,Djenana,Marrevee,Production,Oscar,Ghazalie
221973,Sangeeta,Kalefeld,Marketing,Vishwani,Minakawa
222206,Stein,Uludag,Human Resources,Karsten,Sigstam
222311,Miyeon,Billingsley,Development,Leon,DasSarma
222319,Matt,Chvatal,Development,Leon,DasSarma
222354,Valdiodio,Schlumberger,Development,Leon,DasSarma
222616,Badri,Schapire,Quality Management,Dung,Pesch
222770,Kazuhiko,Kushner,Development,Leon,DasSarma
222878,Annemarie,Zallocco,Production,Oscar,Ghazalie
222926,Limsoon,Erol,Development,Leon,DasSarma
222952,Gopalakrishnan,Suermann,Production,Oscar,Ghazalie
222998,Leaf,Awdeh,Marketing,Vishwani,Minakawa
223593,Hidefumi,Moehrke,Marketing,Vishwani,Minakawa
223595,Chiranjit,Dredge,Production,Oscar,Ghazalie
224135,Annemarie,Bressoud,Development,Leon,DasSarma
224335,Perry,Chachaty,Development,Leon,DasSarma
224390,True,Shobatake,Research,Hilary,Kambil
224934,George,Miake,Human Resources,Karsten,Sigstam
225438,Remmert,Quaggetto,Sales,Hauke,Zhang
225601,Masasuke,Genin,Development,Leon,DasSarma
225788,Ipke,Kieras,Development,Leon,DasSarma
225867,Ramalingam,Remmele,Quality Management,Dung,Pesch
225964,Mooi,Cooman,Production,Oscar,Ghazalie
226216,Giordano,Gini,Quality Management,Dung,Pesch
226227,Herbert,Erva,Production,Oscar,Ghazalie
227354,Gio,Murtha,Development,Leon,DasSarma
227476,Macha,Schnabel,Development,Leon,DasSarma
227681,Mikhail,Rousseau,Finance,Isamu,Legleitner
227899,Garnik,Luce,Marketing,Vishwani,Minakawa
227901,Francesca,Azuma,Research,Hilary,Kambil
228098,IEEE,Kroll,Customer Service,Yuchang,Weedman
228248,Yuriy,Plump,Research,Hilary,Kambil
228554,Bilhanan,Brendel,Sales,Hauke,Zhang
228766,Nahla,Smailagic,Production,Oscar,Ghazalie
229098,Berry,Yurek,Customer Service,Yuchang,Weedman
229220,Fabrizio,Lichtman,Production,Oscar,Ghazalie
229248,Harjit,Terekhov,Research,Hilary,Kambil
229386,Pohua,Tasistro,Customer Service,Yuchang,Weedman
229391,Paloma,Henseler,Production,Oscar,Ghazalie
229404,Gilbert,Kilgour,Human Resources,Karsten,Sigstam
229547,Moni,Schach,Sales,Hauke,Zhang
229727,Ewing,Millington,Development,Leon,DasSarma
229981,Jamaludin,Fordan,Production,Oscar,Ghazalie
230002,Tadahiro,Backhouse,Development,Leon,DasSarma
230126,Bezalel,Radivojevic,Customer Service,Yuchang,Weedman
230287,Renny,Alameldin,Production,Oscar,Ghazalie
230354,Yinghua,Lorho,Human Resources,Karsten,Sigstam
230498,Kolar,Puppo,Production,Oscar,Ghazalie
230579,Shahar,Negoita,Finance,Isamu,Legleitner
230689,Dietrich,Crabtree,Sales,Hauke,Zhang
230865,Takushi,Brattka,Marketing,Vishwani,Minakawa
231069,Trygve,Siksek,Sales,Hauke,Zhang
231459,Nectarios,Pramanik,Production,Oscar,Ghazalie
231671,Chandrasekaran,Pearson,Customer Service,Yuchang,Weedman
231798,Goetz,Alvarado,Development,Leon,DasSarma
232178,Etsuo,Anandan,Human Resources,Karsten,Sigstam
232209,Nitsan,Rouquie,Quality Management,Dung,Pesch
232697,Barry,Ramsak,Production,Oscar,Ghazalie
232723,Tesuya,Bugrara,Quality Management,Dung,Pesch
233114,Alselm,Gargeya,Development,Leon,DasSarma
233394,Khalid,Lenart,Development,Leon,DasSarma
233397,Fay,Sundgren,Sales,Hauke,Zhang
233426,Etsuo,Usery,Development,Leon,DasSarma
233690,Cedric,Riefers,Development,Leon,DasSarma
233759,Zissis,Lodder,Customer Service,Yuchang,Weedman
233765,Kotesh,Chachaty,Development,Leon,DasSarma
233785,Baziley,Ballarin,Sales,Hauke,Zhang
233818,Kellie,Heydon,Development,Leon,DasSarma
234195,Luerbio,Terkki,Sales,Hauke,Zhang
234739,Foong,Aamodt,Production,Oscar,Ghazalie
235017,Irena,Dratva,Sales,Hauke,Zhang
235096,Sverrir,Gyimothy,Customer Service,Yuchang,Weedman
235325,Gro,Prochazka,Development,Leon,DasSarma
235368,Anneli,Joslin,Production,Oscar,Ghazalie
235458,Gio,Heuser,Research,Hilary,Kambil
235729,Henk,Anger,Marketing,Vishwani,Minakawa
235780,Sampalli,Bergere,Production,Oscar,Ghazalie
235793,Jayesh,Spinelli,Quality Management,Dung,Pesch
236315,IEEE,Raczkowsky,Development,Leon,DasSarma
236566,Yechezkel,Maginnis,Customer Service,Yuchang,Weedman
236591,Insup,Reinhard,Marketing,Vishwani,Minakawa
236827,Almudena,Rijckaert,Development,Leon,DasSarma
236883,Huan,Olivero,Sales,Hauke,Zhang
236964,Adel,Foote,Customer Service,Yuchang,Weedman
238112,Miomir,Frezza,Production,Oscar,Ghazalie
238252,Uno,Suppi,Sales,Hauke,Zhang
238422,Vishv,Angelov,Sales,Hauke,Zhang
238949,Minghong,Cronin,Sales,Hauke,Zhang
239067,Tadahiko,Pocchiola,Sales,Hauke,Zhang
239244,Abdulla,Kitai,Sales,Hauke,Zhang
239415,Susumu,Brender,Production,Oscar,Ghazalie
239426,Vesna,Fairtlough,Research,Hilary,Kambil
239664,Sugwoo,Michaels,Production,Oscar,Ghazalie
239706,Arunas,Bugrara,Production,Oscar,Ghazalie
239748,Bilhanan,Dusink,Sales,Hauke,Zhang
239803,Oscal,Ernst,Research,Hilary,Kambil
240132,Mizuhito,Kobara,Customer Service,Yuchang,Weedman
240236,True,Tischendorf,Production,Oscar,Ghazalie
240285,Kolar,Greenaway,Customer Service,Yuchang,Weedman
240340,Mack,Staylopatis,Production,Oscar,Ghazalie
240438,Temple,Cyre,Customer Service,Yuchang,Weedman
240870,Francesca,Chorvat,Production,Oscar,Ghazalie
241100,Cedric,Molenaar,Development,Leon,DasSarma
241254,Jagoda,Anguita,Development,Leon,DasSarma
241292,Uri,Lampe,Customer Service,Yuchang,Weedman
241567,Emran,Miara,Development,Leon,DasSarma
241667,Atilio,Olivero,Production,Oscar,Ghazalie
241728,Limsoon,Boudaillier,Customer Service,Yuchang,Weedman
241872,Bluma,Fetvedt,Development,Leon,DasSarma
242019,Herb,Murrill,Production,Oscar,Ghazalie
242081,Tomokazu,Pargas,Production,Oscar,Ghazalie
242104,Richara,Sudkamp,Marketing,Vishwani,Minakawa
242500,Bingning,Iisaku,Sales,Hauke,Zhang
242800,Kazuyasu,Levergood,Development,Leon,DasSarma
243018,Bowen,Deverell,Marketing,Vishwani,Minakawa
243077,Kazunori,Perz,Production,Oscar,Ghazalie
243576,Abdulah,Lodder,Sales,Hauke,Zhang
243637,Marjo,Delgrange,Marketing,Vishwani,Minakawa
243898,Arch,Basawa,Marketing,Vishwani,Minakawa
244308,Mokhtar,Rebaine,Marketing,Vishwani,Minakawa
244605,Masoud,Suwa,Finance,Isamu,Legleitner
244624,Boaz,Seuren,Research,Hilary,Kambil
244711,Rosli,Butner,Production,Oscar,Ghazalie
244714,Poorav,Clouatre,Production,Oscar,Ghazalie
244820,Shigenori,Hertweck,Development,Leon,DasSarma
244873,Arunachalam,Oppitz,Sales,Hauke,Zhang
245164,Filipp,Winter,Production,Oscar,Ghazalie
245396,Gift,Bottner,Human Resources,Karsten,Sigstam
245664,Manohar,Kilgore,Sales,Hauke,Zhang
246146,Zhongwei,Melski,Quality Management,Dung,Pesch
246244,George,Casperson,Human Resources,Karsten,Sigstam
246364,Alper,Tiemann,Development,Leon,DasSarma
246764,Shuzo,Czaja,Sales,Hauke,Zhang
246798,Tianruo,Strooper,Marketing,Vishwani,Minakawa
246902,Shih,Shanbhogue,Human Resources,Karsten,Sigstam
247089,Seongbae,Schahn,Sales,Hauke,Zhang
247122,Xiaobin,Narlikar,Human Resources,Karsten,Sigstam
247447,Tzu,Bakhtari,Production,Oscar,Ghazalie
247456,Masako,Bahk,Production,Oscar,Ghazalie
247612,Chiranjit,Constantine,Development,Leon,DasSarma
247875,Xiong,Anick,Marketing,Vishwani,Minakawa
247888,Abdelghani,Lagarias,Quality Management,Dung,Pesch
248256,Sajjan,Falby,Sales,Hauke,Zhang
248351,Jaana,Milicia,Marketing,Vishwani,Minakawa
248758,Snehasis,Muhlberg,Customer Service,Yuchang,Weedman
248953,Percy,Sudbeck,Production,Oscar,Ghazalie
249239,Hideyuki,Decleir,Development,Leon,DasSarma
249325,Ute,Pokrovskii,Sales,Hauke,Zhang
249433,Ayonca,Matzov,Production,Oscar,Ghazalie
249504,Dmitry,Velardi,Research,Hilary,Kambil
249780,Nechama,Gaughan,Customer Service,Yuchang,Weedman
249799,Jolita,Neimat,Development,Leon,DasSarma
249866,Steen,Gubsky,Sales,Hauke,Zhang
249969,Georgi,Luiz,Production,Oscar,Ghazalie
250411,Ranga,Sommen,Sales,Hauke,Zhang
250452,Alexius,Plavsic,Development,Leon,DasSarma
250748,Kish,Turnbull,Development,Leon,DasSarma
251166,Hinrich,Hooghiemstra,Finance,Isamu,Legleitner
251233,Yucel,Bernini,Production,Oscar,Ghazalie
251301,Pintsang,Impagliazzo,Sales,Hauke,Zhang
251341,Divier,Kumaresan,Human Resources,Karsten,Sigstam
251403,Utpal,DuBourdieux,Development,Leon,DasSarma
251437,Shichao,Iwayama,Development,Leon,DasSarma
251645,Bezalel,Tsunoo,Sales,Hauke,Zhang
251680,Moty,Sommen,Development,Leon,DasSarma
251814,Mitsuyuki,Zockler,Production,Oscar,Ghazalie
252185,Chaosheng,Conta,Quality Management,Dung,Pesch
252316,Gill,Niizuma,Development,Leon,DasSarma
252392,Sanjeeva,Peron,Production,Oscar,Ghazalie
253029,Thodoros,Thimonier,Quality Management,Dung,Pesch
253707,Insup,Hainaut,Sales,Hauke,Zhang
253838,Stafford,Terlouw,Production,Oscar,Ghazalie
253893,Huiqun,Trystram,Production,Oscar,Ghazalie
254044,Gunilla,Brendel,Quality Management,Dung,Pesch
254399,Armond,Lores,Production,Oscar,Ghazalie
254821,Tonny,Couchot,Sales,Hauke,Zhang
255466,Huan,Roccetti,Production,Oscar,Ghazalie
255657,Oldrich,Cyre,Development,Leon,DasSarma
255779,Heejo,Merle,Production,Oscar,Ghazalie
256216,Halsur,Brodal,Production,Oscar,Ghazalie
256856,Hongzue,Barbanera,Human Resources,Karsten,Sigstam
256881,Ioana,Jakobus,Development,Leon,DasSarma
256888,Heather,Pehl,Marketing,Vishwani,Minakawa
257062,Stabislas,Pardalos,Development,Leon,DasSarma
257378,Pascal,Bernatsky,Marketing,Vishwani,Minakawa
257469,Anyuan,Hanratty,Finance,Isamu,Legleitner
257484,Shaowei,Nicolson,Human Resources,Karsten,Sigstam
258028,Mountaz,Reinhart,Research,Hilary,Kambil
258124,Mariusz,Zolotykh,Sales,Hauke,Zhang
258470,Weiwu,Butner,Sales,Hauke,Zhang
258643,Przemyslawa,Esposito,Development,Leon,DasSarma
259042,Xiaoqiang,Farrow,Sales,Hauke,Zhang
259237,Palash,Gammage,Customer Service,Yuchang,Weedman
259273,Xiahua,Gomatam,Production,Oscar,Ghazalie
259611,Shuichi,Marrakchi,Sales,Hauke,Zhang
259619,Conal,Magliocco,Finance,Isamu,Legleitner
259718,Stepehn,Bouloucos,Development,Leon,DasSarma
260153,Mingdong,Baar,Development,Leon,DasSarma
260249,Vugranam,Beausoleil,Customer Service,Yuchang,Weedman
260361,Reinhold,Rahier,Production,Oscar,Ghazalie
260399,Hatem,Birsak,Finance,Isamu,Legleitner
260408,Sasan,Brookner,Customer Service,Yuchang,Weedman
260501,Dzung,Pargas,Development,Leon,DasSarma
261184,Masako,Kornatzky,Production,Oscar,Ghazalie
261631,Jianhua,Huttel,Development,Leon,DasSarma
261662,Berni,Assaf,Finance,Isamu,Legleitner
261737,Mark,Lindqvist,Production,Oscar,Ghazalie
261986,Gila,Ramsak,Development,Leon,DasSarma
261990,Volkmar,Czaja,Sales,Hauke,Zhang
262208,Mrinalini,Holburn,Sales,Hauke,Zhang
262210,Chinho,Bottner,Development,Leon,DasSarma
262328,Mayuko,Vural,Sales,Hauke,Zhang
262439,Lorien,Lagarias,Marketing,Vishwani,Minakawa
262636,Tamiya,Reutenauer,Production,Oscar,Ghazalie
262752,Pramod,Bierman,Development,Leon,DasSarma
262928,Piyush,Gill,Quality Management,Dung,Pesch
263012,Hideo,Buchter,Human Resources,Karsten,Sigstam
263186,Danny,Lowrie,Development,Leon,DasSarma
263370,Shakhar,Ranze,Sales,Hauke,Zhang
263439,Atreye,Kabayashi,Development,Leon,DasSarma
263645,Mingsen,Lally,Development,Leon,DasSarma
263649,Mechthild,Zongker,Sales,Hauke,Zhang
263926,Fusako,Schwartzbauer,Sales,Hauke,Zhang
264030,Zdislav,Solares,Production,Oscar,Ghazalie
264167,Baoqiu,Tomescu,Development,Leon,DasSarma
264322,Leandro,Swist,Sales,Hauke,Zhang
264626,Noritoshi,Bakhtari,Marketing,Vishwani,Minakawa
264939,Bogdan,Bahi,Production,Oscar,Ghazalie
265039,Navid,Staudhammer,Finance,Isamu,Legleitner
265521,Kensei,Salverda,Production,Oscar,Ghazalie
265558,Susuma,Kleiser,Sales,Hauke,Zhang
265794,Miquel,Halloran,Sales,Hauke,Zhang
265875,Fan,Marsiglia,Production,Oscar,Ghazalie
266206,Zsolt,Anily,Marketing,Vishwani,Minakawa
266249,Sumant,Nishimukai,Sales,Hauke,Zhang
266310,Zvonko,Serdy,Research,Hilary,Kambil
266644,Anwar,Gubsky,Finance,Isamu,Legleitner
266862,Mart,Plumb,Research,Hilary,Kambil
266881,Mokhtar,Sabnani,Marketing,Vishwani,Minakawa
267059,Moie,Tempesti,Customer Service,Yuchang,Weedman
267227,Susuma,Tagansky,Production,Oscar,Ghazalie
267304,Jordanka,Axelband,Sales,Hauke,Zhang
267667,Irena,Kaiserswerth,Sales,Hauke,Zhang
268043,Narain,Mikschl,Development,Leon,DasSarma
268191,LiMin,Teitelbaum,Production,Oscar,Ghazalie
269728,Naftali,Kragelund,Marketing,Vishwani,Minakawa
270084,Ulises,Frolund,Marketing,Vishwani,Minakawa
270716,Shunichi,Baer,Sales,Hauke,Zhang
270794,Dannz,Zhang,Marketing,Vishwani,Minakawa
271106,Taisook,Kampfer,Production,Oscar,Ghazalie
271219,Odoardo,Tyugu,Production,Oscar,Ghazalie
272141,Tsutomu,Neiman,Development,Leon,DasSarma
272285,Gully,Mitchem,Customer Service,Yuchang,Weedman
272316,Surveyors,Muhling,Production,Oscar,Ghazalie
272452,Mitsuyuki,Isard,Research,Hilary,Kambil
272599,Holgard,Hegner,Marketing,Vishwani,Minakawa
272860,Minghong,Candan,Production,Oscar,Ghazalie
273159,Divine,Hofmeyr,Development,Leon,DasSarma
273286,Brigham,Asmuth,Development,Leon,DasSarma
273396,Wayne,Baba,Development,Leon,DasSarma
273806,Hongzhu,Beetstra,Customer Service,Yuchang,Weedman
273858,Gunilla,Matzen,Sales,Hauke,Zhang
274071,Mingsen,Weiland,Human Resources,Karsten,Sigstam
274271,Prodip,Ritcey,Sales,Hauke,Zhang
274369,Ranga,Waymire,Research,Hilary,Kambil
274813,Yefim,Pettey,Sales,Hauke,Zhang
275158,Satyanarayana,Brandsma,Development,Leon,DasSarma
275263,Vojin,Laventhal,Development,Leon,DasSarma
275444,Limsoon,Leppanen,Development,Leon,DasSarma
275495,Shen,Yamaashi,Sales,Hauke,Zhang
275801,Ayakannu,Heinisuo,Sales,Hauke,Zhang
275881,Jiann,Munro,Production,Oscar,Ghazalie
275994,Uma,Prampolini,Production,Oscar,Ghazalie
276027,Holgard,Stavenow,Research,Hilary,Kambil
276184,Mari,Swick,Sales,Hauke,Zhang
276186,Sajjad,Vecchi,Human Resources,Karsten,Sigstam
276189,Isaac,Klerer,Human Resources,Karsten,Sigstam
276445,Atilio,Randi,Production,Oscar,Ghazalie
276472,Hideyuki,Flanders,Development,Leon,DasSarma
276563,Gift,Solares,Customer Service,Yuchang,Weedman
276868,Alois,Sanella,Marketing,Vishwani,Minakawa
277316,Vitali,Rothenberg,Sales,Hauke,Zhang
277362,Uzi,Kugler,Customer Service,Yuchang,Weedman
277420,Rayond,Schach,Production,Oscar,Ghazalie
277777,Herbert,Itzigehl,Development,Leon,DasSarma
277829,Michaela,Fandrianto,Development,Leon,DasSarma
278239,Boaz,Bottner,Research,Hilary,Kambil
278386,Caolyn,Poujol,Quality Management,Dung,Pesch
278452,Sudhanshu,Toyoshima,Human Resources,Karsten,Sigstam
278536,Munenori,Shobatake,Marketing,Vishwani,Minakawa
278549,Jaana,Werthner,Sales,Hauke,Zhang
278953,Jeanna,Ghandeharizadeh,Development,Leon,DasSarma
279115,Maren,DuCasse,Development,Leon,DasSarma
279280,Niranjan,Debuse,Production,Oscar,Ghazalie
279791,Chiranjit,Lyonns,Development,Leon,DasSarma
280070,Niteen,Ebeling,Human Resources,Karsten,Sigstam
280291,Lenore,Badache,Customer Service,Yuchang,Weedman
280420,Jahangir,Hofting,Sales,Hauke,Zhang
280525,Kish,Herbst,Sales,Hauke,Zhang
280648,Heeju,Lorys,Production,Oscar,Ghazalie
281570,Zijian,Covnot,Development,Leon,DasSarma
281692,Khosrow,Sommen,Quality Management,Dung,Pesch
281848,Parke,Staylopatis,Development,Leon,DasSarma
281859,Masanao,Papastamatiou,Production,Oscar,Ghazalie
282191,Alper,Shinomoto,Development,Leon,DasSarma
282333,Nahla,Serdy,Research,Hilary,Kambil
282343,Xinglin,Haldar,Sales,Hauke,Zhang
282547,Nahum,Codenie,Development,Leon,DasSarma
282585,Zijian,Lammel,Customer Service,Yuchang,Weedman
282894,Fay,Bellmore,Development,Leon,DasSarma
284300,Ishfaq,Mahmud,Marketing,Vishwani,Minakawa
284431,Pintsang,Fujisawa,Sales,Hauke,Zhang
284561,Duri,Beznosov,Quality Management,Dung,Pesch
284687,Oksana,Redmiles,Development,Leon,DasSarma
284691,Theron,Ressouche,Development,Leon,DasSarma
284711,Martijn,Azevdeo,Development,Leon,DasSarma
284717,Gal,Ranta,Development,Leon,DasSarma
284856,Moto,Kobara,Quality Management,Dung,Pesch
284954,Anneke,Hammerschmidt,Quality Management,Dung,Pesch
285164,Xiaocheng,Kumaresan,Sales,Hauke,Zhang
285396,Lena,Kohling,Development,Leon,DasSarma
285905,Kellyn,Bage,Research,Hilary,Kambil
285906,Arnould,Buescher,Development,Leon,DasSarma
286026,Utpal,Zaumen,Sales,Hauke,Zhang
286029,Jaques,Nanard,Customer Service,Yuchang,Weedman
286370,Toshimitsu,Seuren,Human Resources,Karsten,Sigstam
286452,Behnaam,Bierbaum,Development,Leon,DasSarma
286573,Nahum,Nishimukai,Production,Oscar,Ghazalie
286779,Sigeru,Versino,Production,Oscar,Ghazalie
286986,Woody,Trelles,Development,Leon,DasSarma
287323,Steve,Dengi,Sales,Hauke,Zhang
287327,Youjian,Felder,Human Resources,Karsten,Sigstam
287334,Elliott,Speer,Production,Oscar,Ghazalie
287482,Shigeaki,Gihr,Quality Management,Dung,Pesch
287583,Jovan,Hockney,Production,Oscar,Ghazalie
287609,Sailaja,Negoita,Development,Leon,DasSarma
287713,Aamod,Ranka,Finance,Isamu,Legleitner
287808,Vidar,Ozeki,Development,Leon,DasSarma
287983,Randi,Munos,Marketing,Vishwani,Minakawa
287984,Troy,Kobuchi,Development,Leon,DasSarma
288028,Kauko,Narwekar,Development,Leon,DasSarma
288142,Shay,Heystek,Sales,Hauke,Zhang
288166,Masoud,Asmuth,Human Resources,Karsten,Sigstam
288560,Yifei,Birjandi,Marketing,Vishwani,Minakawa
288563,Cristinel,Gerlach,Production,Oscar,Ghazalie
288606,Susumu,Swiss,Sales,Hauke,Zhang
288665,Horward,Khasidashvili,Development,Leon,DasSarma
288893,Bedrich,Rosenbaum,Development,Leon,DasSarma
289454,Bowen,Narwekar,Development,Leon,DasSarma
289687,Fai,Maccarone,Research,Hilary,Kambil
289807,Soenke,Lemarechal,Customer Service,Yuchang,Weedman
289909,Hilari,Vecchio,Sales,Hauke,Zhang
290009,Zijian,Rindone,Human Resources,Karsten,Sigstam
290075,Boalin,Byoun,Human Resources,Karsten,Sigstam
290284,Kwangjo,Menhardt,Development,Leon,DasSarma
290441,Gregory,Collavizza,Sales,Hauke,Zhang
290467,Shaowen,Poulakidas,Research,Hilary,Kambil
290478,Tsvetan,Sherertz,Quality Management,Dung,Pesch
290563,Shigehiro,Oxenboll,Production,Oscar,Ghazalie
290769,Lalit,Blokdijk,Development,Leon,DasSarma
291352,Danai,Trelles,Research,Hilary,Kambil
291612,Siamak,Gomatam,Development,Leon,DasSarma
291669,Faiza,Bach,Development,Leon,DasSarma
292110,Menkae,Showalter,Development,Leon,DasSarma
292146,Khatoun,Pulkowski,Development,Leon,DasSarma
292210,Masaru,Huhdanpaa,Development,Leon,DasSarma
292404,Hongzue,Zultner,Research,Hilary,Kambil
292504,Georgi,Bednarek,Quality Management,Dung,Pesch
292515,Bernd,Thummel,Development,Leon,DasSarma
292828,Ziya,Tokunaga,Production,Oscar,Ghazalie
293080,Hideyuki,Slaats,Human Resources,Karsten,Sigstam
293154,Syozo,Maliniak,Marketing,Vishwani,Minakawa
293280,Moti,Steenbeek,Development,Leon,DasSarma
293329,Fumiya,Griswold,Development,Leon,DasSarma
293746,Sanjay,Litecky,Development,Leon,DasSarma
293752,Jungsoon,Bail,Sales,Hauke,Zhang
294144,Takanari,Ermel,Sales,Hauke,Zhang
294241,Marl,Fiebach,Finance,Isamu,Legleitner
294446,Claudi,Ruemmler,Finance,Isamu,Legleitner
294461,Siddarth,Rosiles,Development,Leon,DasSarma
294527,Ashish,Candan,Marketing,Vishwani,Minakawa
294652,Hironobu,Brodie,Research,Hilary,Kambil
294791,Vesna,Lammel,Development,Leon,DasSarma
294857,Caolyn,Ozeri,Development,Leon,DasSarma
295030,Fun,Keirsey,Customer Service,Yuchang,Weedman
295236,Kauko,Fujisawa,Development,Leon,DasSarma
295254,Xuejun,Pfau,Human Resources,Karsten,Sigstam
295255,Jacopo,Bellone,Production,Oscar,Ghazalie
295262,Moon,Pews,Production,Oscar,Ghazalie
295268,Eben,Calkin,Human Resources,Karsten,Sigstam
295278,Val,Barvinok,Development,Leon,DasSarma
295411,Chiranjit,Serot,Sales,Hauke,Zhang
295857,Kankanahalli,Ciolek,Human Resources,Karsten,Sigstam
296062,Shaz,Driscoll,Research,Hilary,Kambil
296303,Mariangiola,Heyers,Development,Leon,DasSarma
296428,Charmane,Simmen,Sales,Hauke,Zhang
296664,Dipayan,Geffroy,Production,Oscar,Ghazalie
296687,Palash,Spieker,Research,Hilary,Kambil
296718,Kamakshi,Bahl,Production,Oscar,Ghazalie
297232,Lokesh,Saoudi,Sales,Hauke,Zhang
297431,Cathie,Ratnakar,Marketing,Vishwani,Minakawa
297474,Irena,Terkki,Research,Hilary,Kambil
297905,Marc,Bahl,Development,Leon,DasSarma
297954,Sailaja,Fujisaki,Production,Oscar,Ghazalie
298339,King,Benzmuller,Development,Leon,DasSarma
298577,Florina,Litecky,Finance,Isamu,Legleitner
298953,Zita,Syang,Finance,Isamu,Legleitner
299346,Fumitake,Sichman,Human Resources,Karsten,Sigstam
299580,Luisa,Itzfeldt,Quality Management,Dung,Pesch
299718,Denny,Shobatake,Research,Hilary,Kambil
299737,Patricio,Itzfeldt,Sales,Hauke,Zhang
400046,Hilari,Christ,Development,Leon,DasSarma
400358,Angus,Jullig,Development,Leon,DasSarma
400683,Kamakshi,Manders,Sales,Hauke,Zhang
400780,Poornachandra,Asser,Development,Leon,DasSarma
400796,Bodo,Halevi,Development,Leon,DasSarma
401154,Danae,Kragelund,Human Resources,Karsten,Sigstam
401278,Oguz,Schurmann,Production,Oscar,Ghazalie
401333,Martins,Shokrollahi,Production,Oscar,Ghazalie
401420,Florian,Uhrig,Customer Service,Yuchang,Weedman
401574,Yannik,Falco,Production,Oscar,Ghazalie
402025,Shigehito,Duclos,Quality Management,Dung,Pesch
402102,Kersti,Granlund,Development,Leon,DasSarma
402664,Subhada,Janetzko,Production,Oscar,Ghazalie
402718,Jeanna,Rettelbach,Development,Leon,DasSarma
402827,Weidon,Pollacia,Human Resources,Karsten,Sigstam
403010,Toshimitsu,Sluis,Development,Leon,DasSarma
403621,Deborah,Kaminger,Marketing,Vishwani,Minakawa
403644,Krisda,Hainaut,Human Resources,Karsten,Sigstam
403954,Jeanna,Bratten,Development,Leon,DasSarma
404018,Valery,Babb,Development,Leon,DasSarma
404236,Zengping,Kakkar,Development,Leon,DasSarma
404462,Anestis,Setlzner,Development,Leon,DasSarma
404573,Eberhardt,Spelt,Human Resources,Karsten,Sigstam
404755,Manu,Junet,Marketing,Vishwani,Minakawa
404788,Basem,Beausoleil,Development,Leon,DasSarma
405015,Morris,Fargier,Sales,Hauke,Zhang
405063,Yechezkel,Yurov,Production,Oscar,Ghazalie
406125,Georgi,Portugali,Production,Oscar,Ghazalie
406239,Marek,Tomescu,Development,Leon,DasSarma
406564,Parviz,Picco,Development,Leon,DasSarma
406714,Malu,Ossenbruggen,Research,Hilary,Kambil
406847,Alexius,Crouzet,Sales,Hauke,Zhang
407522,Tommaso,Raczkowsky,Finance,Isamu,Legleitner
407837,Fei,Erez,Quality Management,Dung,Pesch
408019,Shridhar,Chleq,Production,Oscar,Ghazalie
408114,Geoffrey,Ladret,Development,Leon,DasSarma
408163,Irene,Sethi,Development,Leon,DasSarma
408417,Tsz,Daescu,Sales,Hauke,Zhang
408437,Uno,Solares,Customer Service,Yuchang,Weedman
408447,Mayuri,Werthner,Sales,Hauke,Zhang
408654,Yongqiao,Cochrane,Customer Service,Yuchang,Weedman
408953,Jolita,Claffy,Development,Leon,DasSarma
409391,Willard,Verspoor,Production,Oscar,Ghazalie
409798,Dekang,Tsunoo,Production,Oscar,Ghazalie
409805,Frazer,Candan,Quality Management,Dung,Pesch
409898,Divier,Ishibashi,Development,Leon,DasSarma
410028,Xiadong,McClurg,Human Resources,Karsten,Sigstam
410372,Duri,Mitina,Development,Leon,DasSarma
410433,Kazuhisa,Riesenhuber,Production,Oscar,Ghazalie
410616,Gudjon,Kalorkoti,Development,Leon,DasSarma
410804,Ronnie,Denos,Production,Oscar,Ghazalie
410881,Koichi,Grabner,Quality Management,Dung,Pesch
411070,Otmar,Brandsma,Development,Leon,DasSarma
411082,Martine,Cangellaris,Production,Oscar,Ghazalie
411143,Goncalo,Barbanera,Marketing,Vishwani,Minakawa
412404,Mitsuyuki,Jeansoulin,Production,Oscar,Ghazalie
412757,Leen,Peak,Development,Leon,DasSarma
413098,Hsiangchu,Taubenfeld,Research,Hilary,Kambil
413205,Mototsugu,Prampolini,Sales,Hauke,Zhang
413666,Remco,Duclos,Finance,Isamu,Legleitner
413729,Harjit,Ernst,Development,Leon,DasSarma
413831,Mohamadou,Grabner,Customer Service,Yuchang,Weedman
413832,Marco,Jahnichen,Human Resources,Karsten,Sigstam
414027,Tadanori,Msuda,Customer Service,Yuchang,Weedman
414091,Wuxu,Kuhnemann,Development,Leon,DasSarma
414543,Bernd,Anick,Production,Oscar,Ghazalie
414551,Elliott,Copas,Development,Leon,DasSarma
414662,Ipke,Schneeberger,Development,Leon,DasSarma
414714,Chinho,Delgrande,Research,Hilary,Kambil
414814,Dayanand,Wielonsky,Development,Leon,DasSarma
414897,Juyoung,Willoner,Sales,Hauke,Zhang
415187,Juyoung,Peltason,Production,Oscar,Ghazalie
415338,Shigeo,Emmart,Production,Oscar,Ghazalie
415363,Conal,Shackell,Marketing,Vishwani,Minakawa
415563,Mrinalini,Bierbaum,Development,Leon,DasSarma
416074,Alain,Lieberherr,Development,Leon,DasSarma
416383,Nectarios,Itschner,Development,Leon,DasSarma
416420,Adamantios,Heemskerk,Sales,Hauke,Zhang
416492,Kannan,Meriste,Development,Leon,DasSarma
416660,Nathalie,Luke,Development,Leon,DasSarma
416720,Tokuyasu,Xiaoshan,Production,Oscar,Ghazalie
416877,Gio,Orsini,Marketing,Vishwani,Minakawa
416892,Shooichi,Vandervoorde,Production,Oscar,Ghazalie
417435,Bouchung,Zaumen,Sales,Hauke,Zhang
418239,Josyula,Motley,Production,Oscar,Ghazalie
418247,Oscar,Oppitz,Marketing,Vishwani,Minakawa
418298,Arvin,Pusterhofer,Production,Oscar,Ghazalie
418309,Danel,Petereit,Production,Oscar,Ghazalie
418380,Kazuhiko,Gornas,Production,Oscar,Ghazalie
418566,Kazuhide,Snedden,Production,Oscar,Ghazalie
418606,Michaela,Otillio,Production,Oscar,Ghazalie
418717,Arunachalam,Magliocco,Sales,Hauke,Zhang
418860,Ymte,Dalton,Marketing,Vishwani,Minakawa
419099,Heon,Broomell,Sales,Hauke,Zhang
419953,Ung,Orlowski,Marketing,Vishwani,Minakawa
420086,Susuma,Kitsuregawa,Development,Leon,DasSarma
420476,Mariangiola,Bolsens,Customer Service,Yuchang,Weedman
420557,Mabhin,Eastman,Sales,Hauke,Zhang
420694,Frazer,Barbanera,Research,Hilary,Kambil
420732,Willard,Morrin,Marketing,Vishwani,Minakawa
420759,Raimond,Solovay,Sales,Hauke,Zhang
420765,Shawna,Krider,Sales,Hauke,Zhang
420877,Khosrow,Erez,Finance,Isamu,Legleitner
421022,Shigeaki,Butner,Sales,Hauke,Zhang
421033,Garnik,Randt,Sales,Hauke,Zhang
421074,Zhaofang,Falster,Sales,Hauke,Zhang
421312,Mariangiola,Bashian,Development,Leon,DasSarma
421384,Renny,Bednarek,Human Resources,Karsten,Sigstam
421755,Shichao,Thiria,Production,Oscar,Ghazalie
422146,Kenton,Miara,Research,Hilary,Kambil
422783,Jagoda,Uhrig,Production,Oscar,Ghazalie
423038,Takushi,Strehl,Sales,Hauke,Zhang
423204,Uma,Stranks,Sales,Hauke,Zhang
423208,Joydip,Krone,Development,Leon,DasSarma
423214,Tsutomu,Tetzlaff,Finance,Isamu,Legleitner
423327,Constantijn,Lichtman,Sales,Hauke,Zhang
423350,Heping,Monarch,Sales,Hauke,Zhang
423633,Mariusz,Tokunaga,Development,Leon,DasSarma
423993,Seshu,Kolvik,Development,Leon,DasSarma
424569,Danco,Luff,Development,Leon,DasSarma
424584,Kagan,Dredge,Development,Leon,DasSarma
424685,Changho,Veevers,Finance,Isamu,Legleitner
424797,Theron,Itschner,Sales,Hauke,Zhang
424805,Jacqueline,Zallocco,Sales,Hauke,Zhang
424930,Xuejun,Reeker,Human Resources,Karsten,Sigstam
424984,Vasilis,Waleschkowski,Development,Leon,DasSarma
425437,Moni,Staudhammer,Development,Leon,DasSarma
425535,Alagu,Vieri,Marketing,Vishwani,Minakawa
425540,Paddy,Zumaque,Finance,Isamu,Legleitner
425757,Yongdong,Jiang,Production,Oscar,Ghazalie
425780,Paris,Range,Sales,Hauke,Zhang
425830,Guther,Conia,Development,Leon,DasSarma
425875,Jahangir,Kroft,Sales,Hauke,Zhang
426153,Shahaf,Luce,Sales,Hauke,Zhang
426168,Kaijung,Mateescu,Finance,Isamu,Legleitner
426228,Supot,Badache,Development,Leon,DasSarma
426235,Danco,Rajala,Human Resources,Karsten,Sigstam
426644,Zejun,Broomell,Production,Oscar,Ghazalie
426706,Karsten,Kawashima,Production,Oscar,Ghazalie
426795,Huican,Lunn,Customer Service,Yuchang,Weedman
426818,Gaurav,Fendler,Customer Service,Yuchang,Weedman
426819,Sandeepan,Kulisch,Production,Oscar,Ghazalie
426824,Gopalakrishnan,Mawatari,Customer Service,Yuchang,Weedman
426958,Weijing,Viele,Production,Oscar,Ghazalie
427313,Utpal,Kemmerer,Research,Hilary,Kambil
427320,Mamdouh,Ramamoorthy,Development,Leon,DasSarma
427332,Feiyu,Hemaspaandra,Customer Service,Yuchang,Weedman
427571,Torsten,Ranta,Research,Hilary,Kambil
427776,Jaques,Navazio,Finance,Isamu,Legleitner
427805,Haldun,Compeau,Finance,Isamu,Legleitner
427823,Jaques,Gecsei,Customer Service,Yuchang,Weedman
427852,Adil,Kieras,Production,Oscar,Ghazalie
428082,Ronghao,Alpin,Human Resources,Karsten,Sigstam
428160,Jamaludin,Kalorkoti,Marketing,Vishwani,Minakawa
428195,Hatsukazu,Rosca,Human Resources,Karsten,Sigstam
428219,Ghassan,Androutsos,Sales,Hauke,Zhang
428917,Theron,Billawala,Development,Leon,DasSarma
429087,Hugh,Senzako,Quality Management,Dung,Pesch
429231,Kazuyasu,Schmiedel,Sales,Hauke,Zhang
429238,Mona,Luck,Sales,Hauke,Zhang
429249,Alassane,Wolniewicz,Research,Hilary,Kambil
429316,Seshu,Hiraishi,Finance,Isamu,Legleitner
429381,Limsoon,Roohalamini,Sales,Hauke,Zhang
429481,Subhada,Emmerich,Development,Leon,DasSarma
429520,Yongqiao,Francisci,Quality Management,Dung,Pesch
429532,Bartek,Vendrig,Customer Service,Yuchang,Weedman
429569,Fumiya,Chappelet,Development,Leon,DasSarma
429703,Ung,Honglei,Human Resources,Karsten,Sigstam
429899,Ranan,Marsiglia,Marketing,Vishwani,Minakawa
429954,Renny,Gladwell,Sales,Hauke,Zhang
430054,Erzsebet,Setiz,Development,Leon,DasSarma
430558,Xiong,Roisin,Quality Management,Dung,Pesch
430593,Janalee,Lanzelotte,Customer Service,Yuchang,Weedman
430631,Kersti,Marsiglia,Development,Leon,DasSarma
430891,Khalil,Gien,Production,Oscar,Ghazalie
431576,Masamitsu,Back,Human Resources,Karsten,Sigstam
431657,Visit,Thiran,Development,Leon,DasSarma
431882,Hideo,Varman,Development,Leon,DasSarma
431887,Poorav,Ranst,Development,Leon,DasSarma
432031,Adamantios,Matzat,Sales,Hauke,Zhang
432034,Arfst,Uehara,Marketing,Vishwani,Minakawa
432121,Alair,Straney,Customer Service,Yuchang,Weedman
432257,Kwangjo,Hiltgen,Production,Oscar,Ghazalie
432261,Arve,Bergere,Development,Leon,DasSarma
432399,Nitsan,Nollmann,Customer Service,Yuchang,Weedman
432523,Takahiro,Maquelin,Development,Leon,DasSarma
432665,Flemming,Driscoll,Development,Leon,DasSarma
432787,Toshiko,Ibel,Development,Leon,DasSarma
432956,Qunsheng,Birrer,Marketing,Vishwani,Minakawa
433059,Bojan,Montresor,Sales,Hauke,Zhang
433157,Tomofumi,Serna,Sales,Hauke,Zhang
433260,Make,Olivero,Quality Management,Dung,Pesch
433438,Keiichiro,Miyakawa,Research,Hilary,Kambil
434845,Takushi,Skogmar,Sales,Hauke,Zhang
434936,Sahrah,Rosis,Development,Leon,DasSarma
435042,Brigham,Borstler,Sales,Hauke,Zhang
435060,Moie,Lieblein,Sales,Hauke,Zhang
435181,Kazuhide,Fiutem,Marketing,Vishwani,Minakawa
435289,Feixiong,Schurmann,Marketing,Vishwani,Minakawa
435305,Berthier,Pramanik,Sales,Hauke,Zhang
435370,Conal,Basart,Sales,Hauke,Zhang
435588,Genta,Pepe,Human Resources,Karsten,Sigstam
435602,Dietrich,Kranzdorf,Sales,Hauke,Zhang
435774,Olivera,Bharadwaj,Sales,Hauke,Zhang
435791,Hercules,Speer,Quality Management,Dung,Pesch
436558,Subir,Greibach,Development,Leon,DasSarma
436797,Ohad,Henders,Finance,Isamu,Legleitner
436827,Wojceich,Limongiello,Human Resources,Karsten,Sigstam
436915,Feixiong,Haraldson,Research,Hilary,Kambil
437276,Dines,DeMori,Finance,Isamu,Legleitner
437369,Kazuhide,Biran,Sales,Hauke,Zhang
437395,Sumant,Thambidurai,Marketing,Vishwani,Minakawa
437724,Erez,Luft,Human Resources,Karsten,Sigstam
437870,Kerhong,Lorho,Development,Leon,DasSarma
438038,Lena,Giaccio,Marketing,Vishwani,Minakawa
438264,Rasikan,Barreiro,Customer Service,Yuchang,Weedman
438557,Lidong,Swist,Development,Leon,DasSarma
439377,Mari,Plessier,Development,Leon,DasSarma
439905,Kousuke,Levasseur,Customer Service,Yuchang,Weedman
439924,Gunilla,Kisuki,Finance,Isamu,Legleitner
440325,Douadi,Sullins,Sales,Hauke,Zhang
440435,Sandeepan,Rosti,Development,Leon,DasSarma
440450,Tzvetan,Scharstein,Human Resources,Karsten,Sigstam
440642,Snehasis,Kalsbeek,Sales,Hauke,Zhang
440870,Filipp,Hasham,Customer Service,Yuchang,Weedman
440937,Fabrizio,Usery,Research,Hilary,Kambil
441197,Miquel,Legleitner,Sales,Hauke,Zhang
441536,Chinho,Collette,Production,Oscar,Ghazalie
441954,Leszek,Marchegay,Production,Oscar,Ghazalie
441965,Claudi,Heijenga,Research,Hilary,Kambil
442002,Ravishankar,Baig,Sales,Hauke,Zhang
442096,Martijn,DiGiano,Production,Oscar,Ghazalie
442312,Zengping,Cusworth,Production,Oscar,Ghazalie
442490,Navid,Luke,Production,Oscar,Ghazalie
442653,Mona,Hebden,Development,Leon,DasSarma
442700,Siddarth,Masada,Research,Hilary,Kambil
442898,Aksel,Gire,Production,Oscar,Ghazalie
443108,Christfried,Atrawala,Human Resources,Karsten,Sigstam
443485,Marke,Klerer,Research,Hilary,Kambil
443841,Shaw,Kading,Sales,Hauke,Zhang
443873,Vatsa,Ramsay,Sales,Hauke,Zhang
444070,Heping,Skrikant,Customer Service,Yuchang,Weedman
444099,Kousuke,Worfolk,Sales,Hauke,Zhang
444208,Irena,Cesareni,Sales,Hauke,Zhang
444465,Prasadram,Bultermann,Production,Oscar,Ghazalie
444487,Udi,Rullman,Development,Leon,DasSarma
444643,Berna,Schonegge,Research,Hilary,Kambil
445067,Eldridge,Kawashima,Quality Management,Dung,Pesch
445152,Heping,Peac,Research,Hilary,Kambil
445226,Oscar,Baumann,Production,Oscar,Ghazalie
445570,Van,Nations,Development,Leon,DasSarma
445723,Gaurav,Roison,Production,Oscar,Ghazalie
445941,Masako,Dechter,Production,Oscar,Ghazalie
445950,Ebru,Valtorta,Quality Management,Dung,Pesch
446121,Fay,Cochrane,Sales,Hauke,Zhang
446306,Hercules,Kabayashi,Production,Oscar,Ghazalie
446424,DAIDA,Nooteboom,Development,Leon,DasSarma
446897,Takahiro,Dalton,Production,Oscar,Ghazalie
446959,Aram,Passino,Development,Leon,DasSarma
447018,Dannz,Miara,Production,Oscar,Ghazalie
447135,Gennady,Rouquie,Human Resources,Karsten,Sigstam
447232,Aleksander,Schaaf,Customer Service,Yuchang,Weedman
447376,Kirk,Zongker,Research,Hilary,Kambil
447544,Stabislas,Kakkad,Sales,Hauke,Zhang
447613,Paris,Restivo,Development,Leon,DasSarma
447877,Make,Heuser,Quality Management,Dung,Pesch
447931,Martijn,Jeong,Sales,Hauke,Zhang
447966,Kamakshi,Hebert,Production,Oscar,Ghazalie
447982,Shiv,Baezner,Production,Oscar,Ghazalie
447999,Shiv,Vilarrasa,Development,Leon,DasSarma
448769,Mong,Dichev,Production,Oscar,Ghazalie
448900,Mart,Talmor,Sales,Hauke,Zhang
448918,Chiradeep,Arlazarov,Production,Oscar,Ghazalie
448994,Haldun,Syang,Finance,Isamu,Legleitner
449189,Jahangir,Bernatsky,Sales,Hauke,Zhang
449815,Fumitaka,Quittner,Research,Hilary,Kambil
449984,Hinrich,Perin,Development,Leon,DasSarma
450184,Selwyn,Henseler,Development,Leon,DasSarma
450255,Udo,Waymire,Development,Leon,DasSarma
450309,Gill,Orlowska,Quality Management,Dung,Pesch
450475,Saeed,Bahl,Finance,Isamu,Legleitner
450817,DAIDA,Frolund,Quality Management,Dung,Pesch
450888,Sedat,Rande,Sales,Hauke,Zhang
450934,Chanjung,Raoux,Production,Oscar,Ghazalie
450936,Yuriy,Ponthieu,Finance,Isamu,Legleitner
451253,Jaihie,Ozeri,Sales,Hauke,Zhang
451272,Jacopo,Krohm,Development,Leon,DasSarma
451275,Bedrich,Isard,Research,Hilary,Kambil
451333,Radhika,Bonifati,Human Resources,Karsten,Sigstam
452137,Subir,Miake,Customer Service,Yuchang,Weedman
452206,Arra,Esposito,Sales,Hauke,Zhang
452325,Taiji,Berstel,Development,Leon,DasSarma
452347,Shigeichiro,Brattka,Sales,Hauke,Zhang
452365,Fei,Gadepally,Development,Leon,DasSarma
452956,Gou,Thombley,Customer Service,Yuchang,Weedman
452957,Alair,Nanard,Sales,Hauke,Zhang
452982,Lobel,Aloia,Marketing,Vishwani,Minakawa
453070,Aran,Rosenbaum,Human Resources,Karsten,Sigstam
453154,Gao,Lally,Customer Service,Yuchang,Weedman
453644,Berni,Takkinen,Marketing,Vishwani,Minakawa
453688,Chinya,Leslie,Quality Management,Dung,Pesch
453723,Arne,Kohling,Production,Oscar,Ghazalie
453760,Ewing,Rajala,Customer Service,Yuchang,Weedman
453790,Fai,Keirsey,Development,Leon,DasSarma
453913,Stein,Perng,Marketing,Vishwani,Minakawa
454338,Mohammed,Georg,Quality Management,Dung,Pesch
454378,Gina,Ossenbruggen,Production,Oscar,Ghazalie
454736,Nechama,Ermel,Development,Leon,DasSarma
454791,Xiaoqiu,Pietracaprina,Production,Oscar,Ghazalie
454825,Kamakshi,Schusler,Production,Oscar,Ghazalie
454994,Mohan,Picht,Production,Oscar,Ghazalie
455175,Soenke,Zaumen,Marketing,Vishwani,Minakawa
455284,Luisa,Baig,Quality Management,Dung,Pesch
455726,Qiwen,Kriebel,Sales,Hauke,Zhang
455814,Giao,DuCasse,Production,Oscar,Ghazalie
455914,Peer,Angelopoulos,Development,Leon,DasSarma
456767,Tetsurou,Schreiter,Sales,Hauke,Zhang
456982,Shounak,Dratva,Development,Leon,DasSarma
457070,Gay,Plavsic,Human Resources,Karsten,Sigstam
457146,Jinpo,Heyers,Research,Hilary,Kambil
457305,Sorina,Lakshmanan,Sales,Hauke,Zhang
457337,Xumin,Beidas,Quality Management,Dung,Pesch
457411,Xudong,Peck,Development,Leon,DasSarma
457489,Berna,Ranst,Production,Oscar,Ghazalie
457611,Indrajit,Krogh,Development,Leon,DasSarma
457776,Florian,Siepmann,Production,Oscar,Ghazalie
457813,Foong,Gargeya,Production,Oscar,Ghazalie
457832,Jackson,Zielinski,Development,Leon,DasSarma
457938,Arch,Picco,Customer Service,Yuchang,Weedman
458111,Florian,Tramer,Production,Oscar,Ghazalie
458134,Thanasis,Standera,Human Resources,Karsten,Sigstam
458191,George,Atchley,Research,Hilary,Kambil
458383,Mabhin,Foote,Development,Leon,DasSarma
458726,Shahaf,Kitai,Customer Service,Yuchang,Weedman
458790,Ramya,Azadmanesh,Production,Oscar,Ghazalie
459172,Val,Rissanen,Development,Leon,DasSarma
459356,Pramod,Wendorf,Development,Leon,DasSarma
459429,Mohit,Verhaegen,Sales,Hauke,Zhang
459685,Hirochika,Goldhammer,Quality Management,Dung,Pesch
460131,Adly,Hambrick,Sales,Hauke,Zhang
460691,Munehiko,Gihr,Human Resources,Karsten,Sigstam
460707,Yoshinari,Lanteri,Development,Leon,DasSarma
460920,Remzi,Mitzlaff,Sales,Hauke,Zhang
461120,Shietung,Gelosh,Research,Hilary,Kambil
461270,Mrinalini,Mawatari,Sales,Hauke,Zhang
461801,Sumali,Cooman,Customer Service,Yuchang,Weedman
462493,Paloma,Gerlach,Quality Management,Dung,Pesch
462795,Somnath,Cummings,Research,Hilary,Kambil
463023,Itzchak,Penn,Marketing,Vishwani,Minakawa
463099,Jinxi,Schmiedel,Finance,Isamu,Legleitner
463212,Ramya,Rossi,Quality Management,Dung,Pesch
463472,Jaber,Sethi,Customer Service,Yuchang,Weedman
463495,Alenka,Barriga,Human Resources,Karsten,Sigstam
464284,Huiqun,Henders,Sales,Hauke,Zhang
464303,Abdelghani,Nyrup,Customer Service,Yuchang,Weedman
465062,Stafford,Gist,Production,Oscar,Ghazalie
465076,Tokuyasu,Ghelli,Production,Oscar,Ghazalie
465085,Vidar,Gunderson,Customer Service,Yuchang,Weedman
465409,Shahid,Varman,Marketing,Vishwani,Minakawa
465501,Mrinalini,Gire,Human Resources,Karsten,Sigstam
465711,Lakshmi,Frijda,Development,Leon,DasSarma
465853,Kwan,Kampfer,Human Resources,Karsten,Sigstam
465874,Herb,Picht,Production,Oscar,Ghazalie
466064,Temple,Danlos,Sales,Hauke,Zhang
466367,Hiroyasu,Strandh,Customer Service,Yuchang,Weedman
466509,Bezalel,Verhoeff,Development,Leon,DasSarma
466603,Yechezkel,Nourani,Marketing,Vishwani,Minakawa
466745,Boalin,Birsak,Human Resources,Karsten,Sigstam
467176,Przemyslawa,Borovoy,Human Resources,Karsten,Sigstam
467269,Nahum,Lambe,Development,Leon,DasSarma
467392,Mariusz,Rikino,Production,Oscar,Ghazalie
467441,Margareta,Bondorf,Production,Oscar,Ghazalie
467591,Kiyotoshi,Hennebert,Marketing,Vishwani,Minakawa
467886,Sivanarayana,Chandrasekhar,Marketing,Vishwani,Minakawa
467918,Tsuneo,Skrikant,Customer Service,Yuchang,Weedman
468360,Huei,Saoudi,Development,Leon,DasSarma
468417,Kamakshi,Huhdanpaa,Production,Oscar,Ghazalie
468659,Ranga,Lemarechal,Development,Leon,DasSarma
468773,Baziley,Brookner,Quality Management,Dung,Pesch
469104,Nadjib,Comellas,Quality Management,Dung,Pesch
469253,Baruch,Basawa,Development,Leon,DasSarma
469269,Weiyi,Codenie,Production,Oscar,Ghazalie
469366,Aiman,Wilfing,Quality Management,Dung,Pesch
469399,Hongzhu,Ruemmler,Production,Oscar,Ghazalie
469527,Halsur,Ibel,Research,Hilary,Kambil
469529,Neven,Rikino,Quality Management,Dung,Pesch
469735,Arif,Stranks,Development,Leon,DasSarma
469867,Hein,Jonsson,Research,Hilary,Kambil
470456,Reuven,Oehlmann,Sales,Hauke,Zhang
470472,Zhiguo,Staudhammer,Development,Leon,DasSarma
471397,Nigel,Zirintsis,Research,Hilary,Kambil
471532,Feiyu,Decleir,Development,Leon,DasSarma
471552,Basem,Lortz,Finance,Isamu,Legleitner
471911,Arun,Zaccaria,Quality Management,Dung,Pesch
471939,Kazuhiko,Marshall,Production,Oscar,Ghazalie
472052,Godehard,Chinal,Development,Leon,DasSarma
472143,Yahiko,Sommen,Sales,Hauke,Zhang
472238,Jungsoon,Gubsky,Production,Oscar,Ghazalie
472790,Zhenbing,Ibel,Development,Leon,DasSarma
472950,Weidon,Fordan,Production,Oscar,Ghazalie
473268,Hugo,Sgarro,Sales,Hauke,Zhang
473299,Khaled,Penn,Sales,Hauke,Zhang
473490,Pantung,Reeker,Research,Hilary,Kambil
473940,Avishai,Majewski,Production,Oscar,Ghazalie
474331,Sugwoo,Eugenio,Finance,Isamu,Legleitner
474763,Mayuko,Clouatre,Development,Leon,DasSarma
474796,Zongyan,Shackel,Customer Service,Yuchang,Weedman
475087,Genevieve,Snedden,Production,Oscar,Ghazalie
475258,Fumiyo,Feinberg,Production,Oscar,Ghazalie
475538,Christophe,Leaver,Human Resources,Karsten,Sigstam
475938,Shigeaki,Lanteri,Development,Leon,DasSarma
475965,Rimon,Pietracaprina,Development,Leon,DasSarma
476055,Girolamo,Schlumberger,Research,Hilary,Kambil
476122,Khun,Spieker,Production,Oscar,Ghazalie
476327,Reinhold,Binkley,Production,Oscar,Ghazalie
476361,Doohun,Preusig,Research,Hilary,Kambil
477350,Terresa,Vigier,Sales,Hauke,Zhang
477578,Marit,Paludetto,Development,Leon,DasSarma
477969,Bluma,Mundy,Development,Leon,DasSarma
478007,Fumino,Narahara,Production,Oscar,Ghazalie
478170,Doowon,Schoegge,Development,Leon,DasSarma
478218,Djenana,Erol,Research,Hilary,Kambil
478439,Yuichiro,Bale,Development,Leon,DasSarma
478768,Arun,Katzenelson,Production,Oscar,Ghazalie
478799,Shaw,Borovoy,Marketing,Vishwani,Minakawa
478833,Pradeep,Valiente,Production,Oscar,Ghazalie
478858,Hidekazu,Perna,Customer Service,Yuchang,Weedman
479024,Ewing,Kalorkoti,Production,Oscar,Ghazalie
479407,Randi,Tomescu,Production,Oscar,Ghazalie
479601,Kayoko,Bahi,Research,Hilary,Kambil
479695,Masamitsu,Murrill,Marketing,Vishwani,Minakawa
480035,Sukumar,Georg,Development,Leon,DasSarma
480066,Suebskul,Menhardt,Quality Management,Dung,Pesch
480178,Uinam,Rahier,Research,Hilary,Kambil
480268,Gaurav,Cheshire,Development,Leon,DasSarma
480407,Deniz,Bennis,Development,Leon,DasSarma
481050,Weiru,Burnard,Human Resources,Karsten,Sigstam
481213,Shigehiro,Haldar,Sales,Hauke,Zhang
481397,Luisa,Chelton,Production,Oscar,Ghazalie
481764,Teiji,Marrakchi,Production,Oscar,Ghazalie
481790,Haldun,Erie,Research,Hilary,Kambil
482335,Kwangyoen,Peck,Development,Leon,DasSarma
482354,Jayson,Zockler,Research,Hilary,Kambil
482755,Jouni,Conia,Marketing,Vishwani,Minakawa
482885,Shaunak,Brizzi,Production,Oscar,Ghazalie
482905,Aral,Hebden,Finance,Isamu,Legleitner
482944,Duke,Journel,Sales,Hauke,Zhang
483401,Rosita,Pokrovskii,Sales,Hauke,Zhang
483675,Hausi,Kamber,Production,Oscar,Ghazalie
483825,Marek,Mitchem,Production,Oscar,Ghazalie
483838,Sham,Kavanagh,Production,Oscar,Ghazalie
483978,Dung,Tanemo,Sales,Hauke,Zhang
484126,Manton,Lueh,Human Resources,Karsten,Sigstam
484142,Perry,Cooman,Human Resources,Karsten,Sigstam
484498,Herbert,Hammerschmidt,Production,Oscar,Ghazalie
484756,Phule,Ruemmler,Development,Leon,DasSarma
485253,Gladys,Parhami,Customer Service,Yuchang,Weedman
485489,Keiichiro,Armand,Development,Leon,DasSarma
485577,Rafael,Menhoudj,Development,Leon,DasSarma
485579,Munehiro,Iwayama,Development,Leon,DasSarma
485799,Yoshimitsu,Litvinov,Research,Hilary,Kambil
485817,Mahmut,Bolotov,Production,Oscar,Ghazalie
486068,Yefim,Bernardeschi,Human Resources,Karsten,Sigstam
486808,Geoffrey,Siochi,Quality Management,Dung,Pesch
486918,Yagil,Remmers,Sales,Hauke,Zhang
486956,Matt,Ruemmler,Production,Oscar,Ghazalie
486958,Tonny,Kropf,Development,Leon,DasSarma
487008,Zhigen,Raney,Sales,Hauke,Zhang
487505,Uno,Jayawardene,Research,Hilary,Kambil
487988,Ekawit,Schaft,Human Resources,Karsten,Sigstam
488095,Francoise,Hegner,Customer Service,Yuchang,Weedman
488142,Denis,Narlikar,Sales,Hauke,Zhang
488482,Kensyu,Tsunoo,Development,Leon,DasSarma
488540,Breannda,Maquelin,Finance,Isamu,Legleitner
488619,Georgy,Bennis,Production,Oscar,Ghazalie
488693,Jiong,Zultner,Development,Leon,DasSarma
488707,Mihalis,Remmers,Sales,Hauke,Zhang
488752,Nimmagadda,Baja,Marketing,Vishwani,Minakawa
488788,Wuxu,Garigliano,Customer Service,Yuchang,Weedman
488984,Kendra,Junet,Sales,Hauke,Zhang
489755,Matk,Chorvat,Human Resources,Karsten,Sigstam
489756,Kersti,Miculan,Finance,Isamu,Legleitner
489928,Satoru,Janetzko,Development,Leon,DasSarma
490551,Lalit,Lindqvist,Development,Leon,DasSarma
490557,Luise,Vigier,Production,Oscar,Ghazalie
490568,Zita,Reistad,Development,Leon,DasSarma
490720,Younwoo,Samarati,Quality Management,Dung,Pesch
491079,Kwangsub,Keirsey,Development,Leon,DasSarma
491162,Panayotis,Hempstead,Development,Leon,DasSarma
491478,Gill,Varman,Sales,Hauke,Zhang
491596,Charmane,Pargas,Production,Oscar,Ghazalie
491632,Gadiel,Perly,Customer Service,Yuchang,Weedman
492000,Valeska,Cools,Human Resources,Karsten,Sigstam
492052,Udo,Ratnakar,Customer Service,Yuchang,Weedman
492217,Heekeun,Verhaegen,Development,Leon,DasSarma
492639,Sanjoy,Porenta,Development,Leon,DasSarma
492677,Goetz,McAffer,Production,Oscar,Ghazalie
493031,Hironoby,Jakobus,Customer Service,Yuchang,Weedman
493048,Muzhong,Berztiss,Sales,Hauke,Zhang
493096,Sachem,Msuda,Development,Leon,DasSarma
493744,Leni,Kropatsch,Production,Oscar,Ghazalie
494019,Morrie,Iisaku,Marketing,Vishwani,Minakawa
494088,Phule,Dahlbom,Production,Oscar,Ghazalie
494493,Masasuke,Koprowski,Marketing,Vishwani,Minakawa
494995,Yongmao,Pouyioutas,Sales,Hauke,Zhang
496100,Pranjal,Reinhard,Customer Service,Yuchang,Weedman
496970,Giordano,Maquelin,Production,Oscar,Ghazalie
496978,Danco,Debuse,Marketing,Vishwani,Minakawa
497007,Oldrich,Adachi,Customer Service,Yuchang,Weedman
497174,Sanjiv,Bressoud,Development,Leon,DasSarma
497340,Fayez,Keohane,Marketing,Vishwani,Minakawa
497391,Paris,Lieblein,Quality Management,Dung,Pesch
497835,Shuho,Laurillard,Production,Oscar,Ghazalie
498185,Caolyn,Marciano,Development,Leon,DasSarma
498337,Naraig,Docker,Sales,Hauke,Zhang
498456,Geraldo,Gerteisen,Customer Service,Yuchang,Weedman
498635,Florian,Pezzoli,Sales,Hauke,Zhang
498838,Sanjay,Ciolek,Research,Hilary,Kambil
498845,Arumugam,Pelc,Development,Leon,DasSarma
498955,Nechama,Kandlur,Production,Oscar,Ghazalie
499194,Padma,Delgrange,Customer Service,Yuchang,Weedman
499260,Danae,Honglei,Production,Oscar,Ghazalie
499495,Baoqiu,Kakkar,Development,Leon,DasSarma
