emp_no,dept_no,first_name,last_name,title,dept_name,salary
10095,d007,Hilari,Morton,Senior Staff,Sales,63668
10122,d005,Ohad,Esposito,Technique Leader,Development,42284
10291,d007,Dipayan,Seghrouchni,Senior Staff,Sales,57430
10476,d008,Kokou,Iisaka,Senior Staff,Research,58221
10663,d004,Teunis,Noriega,Technique Leader,Production,47521
10762,d008,Lech,Himler,Senior Staff,Research,52172
10933,d004,Juyoung,Seghrouchni,Senior Engineer,Production,40000
12155,d004,Keiichiro,Glinert,Engineer,Production,55355
12408,d005,Rasiah,Sudkamp,Senior Engineer,Development,40000
12643,d002,Morrie,Schurmann,Staff,Finance,114784
13499,d004,Kazuhiko,Sidou,Technique Leader,Production,40000
14075,d005,Denny,Tchuente,Assistant Engineer,Development,40000
14104,d003,Sudhanshu,Demian,Senior Staff,Human Resources,40327
14127,d004,Magdalena,Cannard,Engineer,Production,50454
14158,d007,Caolyn,Setiz,Senior Staff,Sales,67559
14476,d004,Sastry,Marrevee,Engineer,Production,72512
14907,d007,Nakhoon,Luga,Senior Staff,Sales,69351
15050,d004,Nikolaos,Kruskal,Engineer,Production,46188
15058,d002,Bouchung,Bugrara,Senior Staff,Finance,62294
15413,d005,Arvin,Rabejac,Engineer,Development,40000
16461,d007,Remmert,Schahn,Senior Staff,Sales,83638
16528,d004,Gaurav,Swick,Assistant Engineer,Production,49557
17013,d002,Morris,Garigliano,Senior Staff,Finance,55776
17206,d004,Berry,DeMori,Engineer,Production,40000
17369,d004,Yaghout,Kenevan,Engineer,Production,40000
17447,d007,Zengping,Boreale,Staff,Sales,65188
17731,d005,Gennady,Roison,Assistant Engineer,Development,68972
17970,d004,Filipp,Carrere,Technique Leader,Production,40000
17988,d004,Mabhin,Calkin,Engineer,Production,52284
18021,d005,Adil,Matzke,Engineer,Development,40000
18424,d005,Filipp,Rousseau,Engineer,Development,40000
18583,d009,Stafford,Honglei,Staff,Customer Service,40000
18617,d003,Surveyors,Crouzet,Senior Staff,Human Resources,40000
18810,d005,Taiji,Jarecki,Engineer,Development,40000
19236,d004,Elzbieta,Morris,Engineer,Production,67760
19350,d009,Satoru,Yoshizawa,Senior Staff,Customer Service,41182
19803,d005,Ziva,Kowalchuk,Engineer,Development,71465
20100,d001,Utz,Heuter,Senior Staff,Marketing,64100
20128,d009,Kazunori,Peak,Senior Staff,Customer Service,40000
20129,d004,Rafael,Skafidas,Engineer,Production,53292
20248,d009,Vidar,Demri,Staff,Customer Service,40000
20313,d004,Candida,Benveniste,Engineer,Production,40000
20500,d009,Christoph,Trystram,Senior Staff,Customer Service,40000
20885,d004,Otmar,Rothenberg,Engineer,Production,59704
21181,d004,Jianhui,Cangellaris,Assistant Engineer,Production,60114
21188,d005,Piyush,Danecki,Engineer,Development,40000
21546,d001,Yongmin,Lanteri,Senior Staff,Marketing,75391
21843,d005,Karsten,Azadmanesh,Senior Engineer,Development,52216
21909,d007,Mohammed,Brizzi,Senior Staff,Sales,60302
22185,d004,Huai,Birch,Assistant Engineer,Production,40000
22415,d007,Perla,Jumpertz,Senior Staff,Sales,69277
22451,d005,Jasminko,Bresenham,Senior Staff,Development,40000
22455,d001,Barry,Unno,Senior Staff,Marketing,69644
22926,d004,Manibrata,Genther,Engineer,Production,56184
23396,d004,Hilari,Fairtlough,Technique Leader,Production,55806
24080,d005,Jaana,Perez,Technique Leader,Development,47203
24205,d005,Roddy,Rubsam,Senior Engineer,Development,49424
24377,d006,Lubomir,Wroclawski,Engineer,Quality Management,42900
24394,d007,Zhonghui,Conta,Staff,Sales,55035
24553,d007,Anwar,Passafiume,Senior Staff,Sales,58459
24571,d004,Cordelia,Gischer,Engineer,Production,40000
25488,d008,Ingmar,Basawa,Senior Staff,Research,40851
26629,d008,Nevin,Rodham,Senior Staff,Research,50836
26671,d005,Jiakeng,Kalorkoti,Engineer,Development,68039
26788,d005,Zongyan,Dalphin,Engineer,Development,40000
27331,d009,Wanqing,Krohm,Senior Staff,Customer Service,40000
27378,d002,Piyawadee,Leppanen,Senior Staff,Finance,48227
27620,d004,Shuji,Kandlur,Engineer,Production,40000
27686,d007,Manu,Rosiles,Senior Staff,Sales,62592
27699,d004,Falguni,Pezzoli,Engineer,Production,67505
27767,d009,Tooru,Veldwijk,Senior Staff,Customer Service,40000
28193,d005,Xinglin,Mitsuhashi,Engineer,Development,40490
28974,d005,Chenxi,Sundgren,Senior Engineer,Development,40000
28988,d004,Tua,Giveon,Technique Leader,Production,47185
29130,d001,Xumin,Thorensen,Staff,Marketing,67033
29265,d009,Gilbert,Calkin,Senior Staff,Customer Service,40000
29380,d004,Satoru,Vidal,Assistant Engineer,Production,48212
29418,d004,Valery,Mersereau,Assistant Engineer,Production,57496
29679,d005,Kolar,Steenbeek,Senior Engineer,Development,44381
29782,d004,Jouko,Hellwagner,Senior Engineer,Production,45222
29954,d004,Pranay,Giarratana,Senior Engineer,Production,40000
30007,d004,Kousuke,Vecchio,Engineer,Production,56378
30035,d008,Tetsushi,Conta,Senior Staff,Research,45843
30154,d005,Mayuko,Skafidas,Technique Leader,Development,40000
30182,d005,Leon,Potthoff,Engineer,Development,61572
30465,d005,Randi,Avouris,Engineer,Development,41895
30484,d007,Sailaja,Chvatal,Staff,Sales,62692
30695,d005,Gudjon,Majewski,Senior Engineer,Development,42052
30938,d001,Yakkov,Samarati,Senior Staff,Marketing,43593
31147,d002,Divine,Sidhu,Senior Staff,Finance,54305
31188,d004,Leandro,Gist,Technique Leader,Production,40000
31207,d004,Abdelwaheb,Dulin,Senior Engineer,Production,40000
31341,d002,Oksana,Zultner,Senior Staff,Finance,53219
31514,d005,Harngdar,Schapire,Engineer,Development,62415
31568,d001,Mark,Lalonde,Staff,Marketing,67061
31909,d004,Murthy,Peek,Engineer,Production,46224
32347,d001,Terresa,Peres,Senior Staff,Marketing,66965
32552,d005,Atreye,Stanger,Assistant Engineer,Development,50710
32649,d008,Ingmar,Nannarelli,Senior Staff,Research,51124
32714,d001,Radoslaw,Maliniak,Staff,Marketing,82622
32844,d005,Tadahiko,Melton,Engineer,Development,48091
33025,d009,Jessie,Thorelli,Senior Staff,Customer Service,40000
33215,d004,Steen,Fasbender,Technique Leader,Production,48797
33722,d008,Anwar,Collette,Senior Engineer,Research,40000
34077,d007,Angel,Sichman,Senior Staff,Sales,50005
34261,d003,Kyoichi,Callaway,Senior Staff,Human Resources,40000
34446,d005,Chinhyun,Bauknecht,Senior Engineer,Development,40000
34452,d004,Naftaly,Foong,Engineer,Production,50679
34505,d007,Felicidad,Kumaresan,Senior Staff,Sales,87384
34533,d006,Erzsebet,Shigei,Senior Engineer,Quality Management,40829
34780,d007,Moni,Kohling,Staff,Sales,64125
34788,d004,Ennio,Babu,Senior Engineer,Production,58068
34936,d004,Bokyung,Stamatiou,Technique Leader,Production,65899
35044,d004,Jiang,Waschkowski,Engineer,Production,52310
35087,d009,Leif,Ashish,Senior Staff,Customer Service,40000
35441,d008,Chandrasekaran,Peek,Engineer,Research,48152
35642,d006,Ashish,Talmon,Engineer,Quality Management,40000
35793,d009,Oscar,Kusalik,Senior Staff,Customer Service,56473
35798,d005,Ulf,Oberman,Senior Engineer,Development,41160
36521,d002,Serif,Gladwell,Senior Staff,Finance,57111
36626,d007,Fen,Genin,Senior Staff,Sales,48437
36733,d009,Uma,Reinhard,Staff,Customer Service,40000
36844,d009,Hailing,Levergood,Staff,Customer Service,57007
36982,d006,Kotesh,Rajala,Engineer,Quality Management,40000
37070,d009,Jeong,Undy,Senior Staff,Customer Service,43215
37945,d005,Suzette,Butterworth,Senior Engineer,Development,40000
38043,d005,Michaela,Randi,Engineer,Development,49927
38103,d004,Masasuke,Babu,Engineer,Production,48383
38168,d007,Fumiko,Deverell,Senior Staff,Sales,40000
38550,d006,JoAnne,Baez,Senior Engineer,Quality Management,40000
38593,d004,Huei,Orsini,Engineer,Production,60124
38947,d001,Shuichi,Ruemmler,Senior Staff,Marketing,40000
39000,d008,Martijn,Vendrig,Senior Staff,Research,48649
39036,d003,Changho,Cappelli,Staff,Human Resources,40000
39301,d008,Rimon,Kawashima,Senior Staff,Research,40000
39341,d004,Mahmut,Lampe,Engineer,Production,50645
39952,d007,Otmar,Sudbeck,Staff,Sales,80468
40269,d007,Toshiki,Ghazalie,Senior Staff,Sales,70370
40283,d005,Sudhanshu,Boissier,Engineer,Development,40000
40301,d009,Spyrose,Felder,Senior Engineer,Customer Service,40000
40536,d005,Harngdar,Bernardinello,Engineer,Development,49948
40765,d008,Michaela,Ramsak,Senior Staff,Research,51758
40773,d009,Shimshon,Aingworth,Senior Staff,Customer Service,40000
40983,d005,Marla,Cherinka,Technique Leader,Development,40000
41114,d004,Petter,Thummel,Technique Leader,Production,60729
41137,d009,Bikash,Buchter,Senior Staff,Customer Service,71921
41357,d005,Willard,Vernadat,Engineer,Development,59086
41518,d004,Keung,Schapiro,Senior Engineer,Production,47399
41520,d005,Xiong,Uhrik,Senior Engineer,Development,44818
41609,d007,Yucai,Simmen,Senior Staff,Sales,60396
42778,d003,Shuji,Remmers,Senior Staff,Human Resources,40000
42911,d004,Brigham,Eterovic,Engineer,Production,40181
42950,d008,Shaleah,Eickenmeyer,Senior Staff,Research,40000
42955,d006,Yucel,Lortz,Engineer,Quality Management,40000
43154,d002,Maha,Waterhouse,Senior Staff,Finance,69813
43733,d003,Huei,Boguraev,Senior Staff,Human Resources,40000
43848,d004,Phillip,Oxenboll,Engineer,Production,40000
44054,d005,Alenka,Ritcey,Engineer,Development,40000
44265,d005,Maria,Eppinger,Engineer,Development,52444
44540,d005,Mingzeng,Sadowski,Senior Engineer,Development,40000
44900,d001,Mark,Schwaller,Senior Staff,Marketing,47805
44959,d004,Volkmar,Uhrik,Engineer,Production,60432
44962,d005,Sariel,Wynblatt,Assistant Engineer,Development,40000
45162,d005,Dulce,Speel,Engineer,Development,58610
46000,d009,Zhaofang,Penn,Senior Staff,Customer Service,40000
46328,d007,Wuxu,Trogemann,Senior Staff,Sales,76950
46811,d004,Junsik,Berendt,Senior Engineer,Production,52228
46834,d007,Tooru,Daescu,Senior Staff,Sales,82569
46943,d005,Pasqua,Maraist,Engineer,Development,46091
47016,d009,Toong,Litecky,Senior Staff,Customer Service,58961
47139,d005,Marco,Usdin,Engineer,Development,67283
47262,d005,Gonzalo,Binkley,Engineer,Development,40000
47515,d005,Naraig,Jenevein,Senior Engineer,Development,50098
47702,d007,Juyoung,Vieri,Senior Staff,Sales,84625
47708,d001,Edwin,Haldar,Senior Staff,Marketing,76137
48275,d007,Sariel,Massonet,Senior Staff,Sales,67799
48690,d003,Hitomi,Schaap,Staff,Human Resources,47581
48882,d004,Leen,Lamparter,Engineer,Production,40000
48904,d002,Yuichiro,Malabarba,Senior Staff,Finance,58807
48947,d007,Filipp,Akaboshi,Senior Staff,Sales,57836
49010,d001,Kazuhisa,Benantar,Senior Staff,Marketing,63422
49017,d005,Filipp,Flanders,Engineer,Development,46622
49119,d004,Lena,Peek,Engineer,Production,55051
49177,d004,Tze,Bach,Engineer,Production,44995
49464,d007,Siddarth,Cappelletti,Staff,Sales,73678
49477,d003,Baocai,Leaver,Senior Staff,Human Resources,40000
50293,d004,Xinan,Rindone,Engineer,Production,40000
50311,d006,Mooi,Stafford,Senior Engineer,Quality Management,40000
50453,d002,Aron,Harbusch,Staff,Finance,79402
50670,d001,Boguslaw,Snedden,Senior Staff,Marketing,64895
50831,d004,Marie,Khalid,Senior Engineer,Production,52845
51036,d007,Chriss,Fasbender,Staff,Sales,55121
51057,d001,Theirry,Albarhamtoshy,Senior Staff,Marketing,58337
51060,d005,Youngkon,Rohrbach,Senior Engineer,Development,42308
51142,d005,Rosine,Lakshmanan,Senior Engineer,Development,46516
52038,d004,Chikako,Armand,Senior Engineer,Production,52102
52040,d005,Phule,Heijenga,Senior Staff,Development,40000
52283,d008,Trygve,Krupka,Senior Staff,Research,44232
52386,d007,Adas,Denti,Senior Staff,Sales,65342
52590,d005,Jouni,Munoz,Senior Staff,Development,45171
52599,d009,Augustine,Mungall,Engineer,Customer Service,48897
52639,d007,Arup,Colorni,Senior Staff,Sales,69976
52770,d007,Shugo,Yurek,Senior Staff,Sales,65588
52778,d006,Alain,Penn,Technique Leader,Quality Management,46041
52956,d006,Khalil,Picci,Engineer,Quality Management,40000
52970,d004,Lobel,Werthner,Engineer,Production,47552
53278,d007,Premsyl,Lortz,Senior Staff,Sales,67503
53314,d008,Eberhardt,Carrera,Staff,Research,40000
53431,d009,Sham,Vasanthakumar,Senior Staff,Customer Service,60379
53499,d004,Zdislav,Mandelberg,Engineer,Production,40000
53597,d005,Jiafu,Marchegay,Engineer,Development,41626
53874,d001,Bodo,Schade,Senior Staff,Marketing,51955
53924,d004,Arnould,Gaughan,Engineer,Production,40000
54198,d005,Shaowen,Segond,Engineer,Development,40000
54632,d002,Etsuo,Serot,Senior Staff,Finance,43788
54795,d004,Sumant,Nergos,Senior Staff,Production,40000
54800,d007,Breannda,Cangellaris,Staff,Sales,74827
55640,d004,Adit,Syrotiuk,Engineer,Production,40000
55687,d005,Shih,Lindqvist,Senior Engineer,Development,40000
55799,d004,Jianwen,Litzler,Engineer,Production,61980
55857,d007,Adin,Scallan,Senior Staff,Sales,70416
56105,d005,Makato,Remmers,Engineer,Development,40000
56209,d004,Remzi,Douceur,Engineer,Production,54373
56415,d002,Sigeru,Nivat,Senior Staff,Finance,51148
56428,d007,Olivera,Hanabata,Senior Staff,Sales,43255
56682,d005,Roded,Picco,Assistant Engineer,Development,40000
56829,d006,Nagui,Gruenwald,Engineer,Quality Management,40000
56847,d006,Menkae,Chinin,Senior Engineer,Quality Management,44031
57934,d005,Sanjoy,Boudaillier,Engineer,Development,82396
58141,d002,Bezalel,Karner,Staff,Finance,46317
58147,d001,Shigenori,Sullins,Senior Staff,Marketing,55703
58384,d005,Mariusz,Vural,Engineer,Development,40000
58454,d004,Ziya,Zambonelli,Engineer,Production,44411
58497,d001,Yechiam,Cairo,Senior Staff,Marketing,90613
58819,d007,Gennady,Liesche,Senior Staff,Sales,71147
58990,d005,Palash,Trelles,Engineer,Development,47785
59195,d005,Ronnie,Pollock,Technique Leader,Development,50132
59640,d002,Zita,Hiltgen,Staff,Finance,45566
59869,d001,Zsolt,Riefers,Senior Staff,Marketing,56247
59966,d004,Steen,Salvesen,Technique Leader,Production,40000
60000,d005,Heekeun,Emmart,Assistant Engineer,Development,60002
60091,d009,Surveyors,Bade,Senior Staff,Customer Service,46436
60238,d001,Erzsebet,Claffy,Staff,Marketing,73612
60559,d004,Jeanna,Stemann,Engineer,Production,41261
60821,d003,Moty,Mersereau,Senior Staff,Human Resources,44481
60845,d004,Bedir,Siegrist,Engineer,Production,71431
60875,d006,Rildo,Masaki,Engineer,Quality Management,41164
60959,d001,Tetsushi,Sridhar,Senior Staff,Marketing,62352
61147,d001,Leszek,Werthner,Staff,Marketing,64737
61253,d008,Cheong,Uhrik,Engineer,Research,40000
61377,d004,Dannz,Ohori,Senior Staff,Production,40000
61541,d005,Kasidit,Papsdorf,Engineer,Development,49649
61873,d006,Woody,Rusmann,Assistant Engineer,Quality Management,40000
62033,d004,Heeju,Cappelli,Engineer,Production,69343
62046,d004,Karlis,Nanard,Engineer,Production,54073
62245,d005,Adel,Bressoud,Engineer,Development,40000
63294,d004,Tetsushi,Tanemo,Engineer,Production,40000
63419,d004,Hiroyasu,Seuren,Senior Engineer,Production,40000
63441,d003,Hinrich,Scallan,Staff,Human Resources,40000
63566,d007,Heekeun,Slaats,Senior Staff,Sales,40000
63631,d009,Falguni,Cherinka,Senior Engineer,Customer Service,40000
63706,d005,Sedat,Itzigehl,Engineer,Development,46185
64023,d005,Laurentiu,Benzmuller,Senior Engineer,Development,45861
64209,d009,Golgen,Schoegge,Senior Staff,Customer Service,40000
64487,d006,Tsutomu,Rebaine,Engineer,Quality Management,42874
64532,d004,Atilio,Segond,Engineer,Production,76024
64632,d007,Zsolt,Brender,Senior Staff,Sales,74384
64790,d005,Shin,Piveteau,Engineer,Development,59783
64828,d007,Krister,Pappas,Staff,Sales,61091
64984,d006,Eldridge,Eldridge,Engineer,Quality Management,40000
65171,d004,Jeane,Tasistro,Technique Leader,Production,71349
65539,d005,Aksel,Picaronny,Engineer,Development,60784
65883,d007,Patricia,Pepe,Senior Staff,Sales,93721
65998,d007,Mandell,Alameldin,Senior Staff,Sales,85937
66382,d004,Domenico,Candan,Engineer,Production,55428
66530,d008,Dung,Leaver,Staff,Research,40000
66643,d004,Jianhao,Tomescu,Engineer,Production,41133
66702,d005,Deniz,Thibadeau,Engineer,Development,52161
66757,d001,Yonghong,Baig,Staff,Marketing,46812
66807,d005,Aiman,Rosaz,Engineer,Development,50982
67320,d001,Sadok,Lorys,Senior Staff,Marketing,89952
67548,d003,Fumitaka,Roohalamini,Staff,Human Resources,40000
67934,d004,Aiman,Gargeya,Engineer,Production,54347
68416,d004,Munenori,Debuse,Senior Engineer,Production,54132
68608,d004,Yucai,Seghrouchni,Engineer,Production,47652
68633,d004,Chinhyun,Rassart,Senior Engineer,Production,60777
68648,d005,Jaques,DiGiano,Technique Leader,Development,55150
69052,d007,Shietung,Shrader,Senior Staff,Sales,42091
69219,d001,Shuky,Redmiles,Senior Staff,Marketing,75769
69867,d007,Miyeon,Rothe,Staff,Sales,82080
69878,d005,Chinya,Cooke,Engineer,Development,46063
69936,d004,Lalit,Unni,Assistant Engineer,Production,50124
70469,d001,Tru,Miyakawa,Senior Staff,Marketing,49746
70990,d004,Arumugam,Nitta,Senior Engineer,Production,56701
71066,d007,Domenick,Basart,Senior Staff,Sales,78430
71141,d003,Sajjad,Vitiello,Senior Staff,Human Resources,40000
71188,d007,Pranjal,Schapiro,Senior Staff,Sales,64557
71243,d004,Kinh,Buchter,Engineer,Production,51345
71334,d008,Cathie,Peck,Engineer,Research,40000
71685,d004,Kristinn,Olano,Senior Engineer,Production,40000
71710,d005,Hitomi,Takanami,Assistant Engineer,Development,43204
71745,d005,Adil,Laventhal,Assistant Engineer,Development,40000
72190,d005,Sajjad,Waeselynck,Engineer,Development,43105
72194,d004,Feiyu,Siepmann,Senior Engineer,Production,70267
72232,d006,Naraig,Veldwijk,Engineer,Quality Management,61027
72640,d006,Honglan,Hutton,Engineer,Quality Management,40000
72918,d007,Takahira,Szilard,Senior Staff,Sales,73810
73076,d005,Froduald,Feldhoffer,Senior Engineer,Development,44141
73233,d004,Shigeo,Merey,Senior Engineer,Production,43651
73516,d004,Qingxiang,Badache,Engineer,Production,40000
73743,d009,Anneke,Bernardeschi,Engineer,Customer Service,40000
74200,d004,Holgard,Weiland,Senior Engineer,Production,40000
74344,d005,Hiroyasu,Provine,Engineer,Development,40000
74668,d007,Masako,Bonifati,Senior Staff,Sales,56031
74800,d004,Yuuichi,Conde,Assistant Engineer,Production,40000
75354,d005,Shuky,Jakobus,Senior Engineer,Development,40000
75703,d005,Kyoichi,Erman,Engineer,Development,40000
76189,d004,Kolar,Hinsberger,Engineer,Production,47490
76201,d005,Arif,Preusig,Senior Engineer,Development,45799
76640,d006,Tristan,Mitsuhashi,Senior Engineer,Quality Management,40000
77030,d005,Faiza,Garnham,Technique Leader,Development,47503
77303,d009,Xinglin,Birge,Senior Staff,Customer Service,48808
77647,d004,Niranjan,Schaaf,Technique Leader,Production,42981
77815,d005,Ronghao,Picaronny,Assistant Engineer,Development,46164
78106,d001,Ashish,Ratnaker,Senior Staff,Marketing,73059
78363,d006,Susumu,Fritzsche,Engineer,Quality Management,40030
78469,d003,Leucio,Cappelli,Staff,Human Resources,40000
78871,d005,Conor,Ghandeharizadeh,Senior Engineer,Development,63067
79043,d004,Katsuo,Hockney,Technique Leader,Production,62200
79171,d004,Guiseppe,Ellozy,Senior Engineer,Production,44193
79310,d001,Jeong,Cunliffe,Senior Staff,Marketing,43707
79606,d005,Arnd,Peir,Senior Engineer,Development,50381
79763,d001,Sanjoy,Barreiro,Staff,Marketing,80428
79895,d007,Fei,Murtagh,Senior Staff,Sales,51534
80067,d009,Kazuhisa,Weiland,Senior Staff,Customer Service,40000
80203,d007,Shakhar,Baik,Staff,Sales,41466
80432,d008,Stella,Figueira,Senior Staff,Research,56584
80731,d007,Shaowen,Eldridge,Staff,Sales,54475
80850,d004,Koldo,Luit,Senior Engineer,Production,55815
80889,d005,Shigeo,Linnainmaa,Senior Engineer,Development,60339
80948,d005,Harjit,Bardell,Senior Engineer,Development,40000
81105,d005,Jaewon,Boissier,Engineer,Development,51686
81545,d005,Larisa,Kornyak,Technique Leader,Development,40000
81644,d007,Divine,Ghandeharizadeh,Staff,Sales,96620
81995,d005,Sreekrishna,Brender,Engineer,Development,41280
82069,d004,Yechezkel,Perfilyeva,Senior Engineer,Production,40000
82098,d004,Poornachandra,Wilharm,Senior Engineer,Production,65236
82351,d003,Stevo,Thambidurai,Senior Staff,Human Resources,40000
82511,d005,Uwe,Koblick,Engineer,Development,40000
82919,d005,Shigeu,Claffy,Engineer,Development,40000
82928,d005,Alselm,Rikino,Senior Engineer,Development,60112
83280,d004,Francesca,Ellozy,Senior Engineer,Production,53451
83289,d005,Shigeichiro,Engelmann,Engineer,Development,40000
83509,d005,Breannda,Collavizza,Senior Engineer,Development,40000
83544,d007,Leaf,Baak,Senior Staff,Sales,64345
83714,d009,Ohad,Kilgore,Senior Engineer,Customer Service,43736
83805,d005,Manohar,Harllee,Senior Engineer,Development,81354
83941,d008,Zsolt,Hagimont,Senior Staff,Research,40000
84029,d009,Babette,Eugenio,Staff,Customer Service,40000
84179,d004,Shuichi,Nanard,Senior Engineer,Production,40000
84236,d007,Eberhardt,Barriga,Senior Staff,Sales,79481
84315,d005,Kristina,Baumann,Assistant Engineer,Development,40000
84451,d005,Shiv,Aumann,Senior Engineer,Development,52930
84508,d005,Tommaso,Vidya,Engineer,Development,40000
84840,d008,Sverrir,Neimat,Staff,Research,40000
84922,d005,Parke,Unno,Engineer,Development,40000
84942,d006,Shin,Fujisaki,Technique Leader,Quality Management,40000
85216,d002,Ferdinand,Rosiles,Senior Staff,Finance,50873
85288,d006,Younwoo,Luders,Engineer,Quality Management,59922
85414,d002,Chiradeep,Callaway,Staff,Finance,46065
85445,d007,Yongdong,Pollock,Staff,Sales,64616
85702,d006,Udi,Merks,Engineer,Quality Management,46279
85874,d009,Pasqua,Taubman,Senior Staff,Customer Service,45034
86213,d001,Kristine,Clemencon,Staff,Marketing,58095
86354,d005,Ronghao,Segond,Senior Engineer,Development,66984
86422,d001,Jaewon,Thummel,Senior Staff,Marketing,40000
86546,d004,Oldrich,Woycyznski,Engineer,Production,40000
86655,d004,Zhenhua,Lorys,Engineer,Production,42987
86672,d008,JoAnne,Anido,Staff,Research,40000
87129,d007,Keung,Neiman,Staff,Sales,63824
87353,d005,Quingbo,Coombs,Senior Engineer,Development,54168
87714,d004,Khun,Janetzko,Assistant Engineer,Production,40000
87729,d008,Yongmin,Roccetti,Staff,Research,40000
87783,d005,Conor,Thorensen,Senior Engineer,Development,61557
88103,d007,Goo,Bresenham,Senior Staff,Sales,81862
88411,d005,Lena,Cannane,Engineer,Development,40000
88422,d004,Jungsoon,Birsak,Technique Leader,Production,67886
88647,d005,Vasiliy,Ratnaker,Engineer,Development,47900
88958,d002,Vojin,Coombs,Senior Staff,Finance,68392
88965,d005,Mang,Hedayat,Engineer,Development,45594
89048,d005,Otmar,Birjandi,Senior Engineer,Development,60750
89090,d003,Tetsushi,Theuretzbacher,Senior Staff,Human Resources,47091
89161,d002,Conal,Yetto,Staff,Finance,40000
89207,d003,Along,Erol,Senior Staff,Human Resources,40000
89346,d005,Mansur,Comyn,Engineer,Development,45781
89590,d008,Guther,Rothenberg,Senior Staff,Research,67868
89664,d001,Pranjal,Rossi,Staff,Marketing,59064
89680,d004,Aiman,Mawatari,Engineer,Production,40000
89806,d004,Xiadong,Shinomoto,Senior Engineer,Production,40000
89922,d004,Alexius,Ibel,Senior Engineer,Production,62911
89941,d001,Arnould,Weedman,Senior Staff,Marketing,55028
90077,d005,Vivian,Guerreiro,Engineer,Development,45948
90084,d004,Renny,Bale,Engineer,Production,45685
90211,d004,Bader,Denis,Engineer,Production,40000
90292,d004,Koichi,Assaf,Engineer,Production,40491
90518,d009,Fumiko,Chepyzhov,Senior Staff,Customer Service,42375
90614,d004,Yonghoan,Trogemann,Assistant Engineer,Production,44589
90692,d001,Rajmohan,DasSarma,Senior Staff,Marketing,40000
91172,d009,Kazuhisa,Melter,Senior Staff,Customer Service,40000
91182,d005,Lucien,Schwartzburd,Engineer,Development,44702
91229,d004,Yahiko,Hebden,Senior Engineer,Production,40000
91256,d001,Gunilla,Milicic,Staff,Marketing,81518
91333,d007,Lobel,Stafford,Staff,Sales,54313
91415,d007,Jamaludin,Nilsson,Staff,Sales,50426
91648,d001,Dmitry,Msuda,Staff,Marketing,84094
92438,d009,Aria,Kilgore,Senior Engineer,Customer Service,54543
92454,d006,Visit,McFarlan,Engineer,Quality Management,40000
92577,d004,Zhanqiu,Farrow,Assistant Engineer,Production,40000
92598,d004,Ranga,Merro,Assistant Engineer,Production,56144
92685,d007,Mang,Atchley,Senior Staff,Sales,55634
92841,d007,Claude,Candan,Senior Staff,Sales,78441
92846,d001,Anyuan,Kropatsch,Senior Staff,Marketing,44033
92920,d005,Huei,Hutter,Engineer,Development,40000
93040,d005,Jaques,Kabayashi,Senior Engineer,Development,56125
93220,d006,Richara,Walston,Senior Engineer,Quality Management,47553
93278,d004,Magdalena,Penn,Senior Engineer,Production,49314
93549,d007,Arie,Coullard,Staff,Sales,81468
93600,d004,Kristina,Neimat,Technique Leader,Production,40000
94331,d004,Ramzi,Cronau,Technique Leader,Production,40000
94416,d007,Aran,Cesareni,Senior Staff,Sales,61048
94761,d005,Hitofumi,Zaccaria,Senior Engineer,Development,48772
94944,d005,Heping,Matheson,Senior Engineer,Development,57985
95181,d008,Yishai,Cappelli,Staff,Research,66810
95286,d005,Kristin,Guerreiro,Senior Engineer,Development,40000
95314,d007,Rasiah,Koblick,Senior Staff,Sales,69833
95406,d005,Alair,Lyonns,Engineer,Development,40000
95416,d005,Gianluca,Ramaiah,Engineer,Development,51499
95509,d004,Kristinn,Loncour,Engineer,Production,40000
95920,d002,Nobuyoshi,Hegner,Staff,Finance,61744
96571,d004,Kokou,Garrabrants,Senior Engineer,Production,47390
96579,d004,Mohan,Tasistro,Engineer,Production,50866
96767,d004,Arumugam,Vecchio,Engineer,Production,68591
97018,d004,Jeanna,Chinen,Senior Engineer,Production,44400
97623,d003,Haldon,Janetzko,Staff,Human Resources,45153
97661,d008,Avishai,Hegner,Senior Staff,Research,46725
98288,d008,Sumali,Huttel,Senior Staff,Research,43445
98306,d004,Ziya,Kadhim,Senior Engineer,Production,58503
98639,d008,Florina,Assaf,Staff,Research,40000
99057,d009,Shugo,Reeken,Staff,Customer Service,40000
99373,d009,Xiaobin,Christianini,Staff,Customer Service,40000
99377,d005,Carrsten,Francisci,Senior Engineer,Development,51127
99590,d007,Dhritiman,Anily,Staff,Sales,86023
99654,d008,Mahendra,Motley,Senior Staff,Research,58667
100865,d004,Hisao,Peral,Senior Engineer,Production,84451
100916,d005,Heejo,Aamodt,Senior Engineer,Development,58123
101487,d007,Abdelaziz,Sury,Senior Staff,Sales,60348
101647,d007,Mori,Homond,Senior Staff,Sales,69247
101902,d007,Mantis,Millington,Senior Staff,Sales,58037
102620,d006,Adin,Templeman,Engineer,Quality Management,45060
103196,d003,Djenana,Albarhamtoshy,Senior Staff,Human Resources,40000
103310,d001,Visit,Swen,Senior Staff,Marketing,66244
103316,d005,Susanne,Peternell,Engineer,Development,45189
103342,d006,Beshir,Hellwagner,Engineer,Quality Management,40000
103756,d005,Heping,Halloran,Assistant Engineer,Development,40000
104133,d007,Pranjal,Zyda,Senior Staff,Sales,92751
104845,d002,Werner,Lodder,Senior Staff,Finance,54489
104988,d005,Parviz,Litzler,Engineer,Development,71970
105342,d006,Kwun,Reeker,Technique Leader,Quality Management,61529
105356,d008,Diederik,Matzov,Engineer,Research,43737
105432,d005,Mohamadou,Stafford,Senior Engineer,Development,55985
105520,d007,Haldun,Lienhardt,Senior Staff,Sales,71995
105731,d005,Sachem,Cromarty,Assistant Engineer,Development,48369
106096,d004,Naftali,Schurmann,Senior Engineer,Production,40000
106242,d003,Nevio,Thisen,Staff,Human Resources,40000
106695,d005,Lijie,Garrabrants,Staff,Development,52364
106710,d001,Babette,Anandan,Senior Staff,Marketing,60537
107486,d005,Siamak,Luiz,Senior Engineer,Development,40000
107737,d005,Fabrizio,Chleq,Senior Engineer,Development,70367
107792,d001,Shahab,Crooks,Senior Staff,Marketing,80432
107828,d007,Ramya,Walston,Senior Staff,Sales,78757
108091,d009,Hisao,Ghemri,Staff,Customer Service,56381
108198,d008,Randi,Samarati,Senior Staff,Research,42904
108316,d004,Shai,Stellhorn,Senior Engineer,Production,40000
108988,d007,Oksana,Baek,Staff,Sales,60335
109062,d005,Jamaludin,Kandlur,Senior Engineer,Development,45396
109211,d008,Gor,Delgrande,Engineer,Research,40000
109252,d004,Moty,Winter,Technique Leader,Production,40000
109278,d002,Bangqing,Schach,Senior Staff,Finance,57911
109552,d005,Menkae,Etalle,Engineer,Development,49886
109598,d002,Stamatina,Auyong,Senior Staff,Finance,59483
109620,d007,Mani,Cannata,Staff,Sales,68293
109703,d004,Arco,Walston,Engineer,Production,46705
109741,d004,Hatem,Fadgyas,Senior Engineer,Production,40000
109953,d007,Godehard,Chorvat,Staff,Sales,56632
200267,d009,Chuanti,Luff,Senior Staff,Customer Service,40000
200312,d006,Akemi,Fujisaki,Senior Engineer,Quality Management,40000
200363,d005,Kirk,Quaggetto,Engineer,Development,54013
200735,d001,Dinah,Denos,Senior Staff,Marketing,65769
200789,d001,Susumu,Camurati,Senior Staff,Marketing,65044
201229,d003,Alejandra,Khasidashvili,Staff,Human Resources,49086
201708,d003,Anneli,Perl,Senior Staff,Human Resources,40000
201709,d002,Fan,Kakkad,Senior Staff,Finance,78121
201739,d005,Genta,Terekhov,Assistant Engineer,Development,57310
201801,d005,Waiman,Genin,Engineer,Development,50795
201915,d004,Sudharsan,DeMori,Engineer,Production,62133
202291,d004,Ortrun,Schmiedel,Engineer,Production,63773
202403,d004,Gully,Perko,Engineer,Production,40000
202414,d009,Zvonko,Murthy,Senior Staff,Customer Service,50945
202552,d004,Morris,Saoudi,Engineer,Production,40000
202826,d005,Kerhong,Matzke,Senior Engineer,Development,40000
202882,d005,Isaac,Koshino,Senior Engineer,Development,40000
202950,d003,Giordano,Pietrzykowski,Senior Staff,Human Resources,40000
203474,d007,Hugh,Jonsson,Staff,Sales,71401
203495,d005,Zongyan,Gips,Technique Leader,Development,40000
203599,d005,Ewing,DiGiano,Technique Leader,Development,41382
203720,d007,Sasan,Thimonier,Senior Staff,Sales,72078
203946,d003,Yefim,Marwedel,Senior Staff,Human Resources,56594
204117,d009,Jessie,Nooteboom,Staff,Customer Service,80942
204133,d002,Susuma,Bergere,Senior Staff,Finance,56752
204246,d008,Arve,Worfolk,Senior Staff,Research,40000
204425,d005,Gretta,Huttel,Senior Engineer,Development,40000
204470,d009,Hein,Lichtner,Staff,Customer Service,55499
204471,d005,Franziska,Maginnis,Engineer,Development,40000
204764,d005,Susanne,Mandelberg,Senior Engineer,Development,47854
205018,d006,Yahiko,Awdeh,Engineer,Quality Management,55086
205085,d005,Moni,Kornyak,Technique Leader,Development,43219
205174,d001,Leszek,Spinelli,Staff,Marketing,55525
205500,d005,Mary,Setiz,Senior Engineer,Development,40000
205627,d004,Stabislas,Broder,Engineer,Production,40000
205660,d001,Kien,Barreiro,Staff,Marketing,40000
205699,d007,Youjian,Yetto,Staff,Sales,55096
205789,d002,Limsoon,Skafidas,Senior Staff,Finance,49886
205863,d006,Aiichiro,Kusalik,Senior Engineer,Quality Management,48877
206748,d007,Yucai,Fabrizio,Staff,Sales,62756
206836,d008,Guadalupe,Pfau,Staff,Research,48691
206966,d005,Tzu,Sichman,Engineer,Development,61861
207021,d004,Jacqueline,Akaboshi,Engineer,Production,46523
207068,d001,Zhiguo,Ariola,Senior Staff,Marketing,63190
207204,d005,Kellie,Schrooten,Engineer,Development,40000
207401,d008,Shuji,Barbanera,Staff,Research,47070
207551,d005,Baziley,Falck,Assistant Engineer,Development,40000
207779,d008,Chinya,Kamble,Senior Staff,Research,48113
207980,d003,Remko,Vieth,Senior Staff,Human Resources,40000
208147,d005,Manu,Rothenberg,Senior Engineer,Development,57788
208330,d007,Shen,Flanders,Staff,Sales,80127
208639,d009,Larisa,Lukaszewicz,Senior Staff,Customer Service,64461
208653,d005,Phillip,Schade,Engineer,Development,54926
208784,d004,Pranjal,Juneja,Senior Engineer,Production,40000
209101,d006,Xinyu,Edelhoff,Senior Engineer,Quality Management,50790
209443,d003,Krassimir,Garnier,Senior Staff,Human Resources,54723
209565,d001,Dante,Covnot,Staff,Marketing,40000
209712,d005,Nimmagadda,Baak,Assistant Engineer,Development,65975
210017,d003,Shalesh,Lovengreen,Senior Staff,Human Resources,40000
210292,d003,Lihong,Zeilberger,Staff,Human Resources,42520
210449,d004,Gino,Lagarias,Engineer,Production,47376
210752,d001,Saniya,Stenning,Senior Staff,Marketing,47970
210786,d003,Werner,Ranze,Staff,Human Resources,52846
211858,d004,Domenico,Ratnaker,Engineer,Production,43498
211879,d005,Gao,Ranze,Senior Engineer,Development,40000
211967,d005,Anwar,Bain,Engineer,Development,40704
212093,d003,Leni,Henders,Senior Staff,Human Resources,40000
212154,d009,Sailaja,Holburn,Staff,Customer Service,41645
212361,d006,Claudi,Stanfel,Senior Engineer,Quality Management,40000
213016,d005,Yongmao,Fontan,Engineer,Development,40596
213140,d007,Tru,Danecki,Staff,Sales,72365
213384,d005,Pranas,Narwekar,Engineer,Development,41608
213447,d004,Armond,Perly,Engineer,Production,57808
214215,d007,Xiaoqiang,Cardazo,Senior Staff,Sales,90603
214391,d009,Rayond,Klassen,Senior Staff,Customer Service,46462
214427,d004,Peer,Molberg,Engineer,Production,62160
214539,d005,Ingmar,Kohling,Engineer,Development,64488
214634,d005,Shirish,Vickson,Senior Engineer,Development,48826
214789,d004,Arfst,Chepyzhov,Senior Engineer,Production,40000
214866,d005,Gopalakrishnan,Angel,Engineer,Development,40000
214995,d004,Dinkar,Hoppenstand,Engineer,Production,40000
215419,d003,Flemming,Kroha,Staff,Human Resources,40000
215629,d009,Munehiro,Manders,Senior Staff,Customer Service,40000
215746,d002,Sven,Speer,Staff,Finance,79967
215843,d001,Pramod,Loncour,Senior Staff,Marketing,47164
216054,d008,Sahrah,Angiulli,Staff,Research,40000
216342,d005,Aiichiro,Cromarty,Senior Engineer,Development,40000
216375,d005,Byong,Gustavson,Senior Engineer,Development,59674
216502,d005,Xiaocheng,Suermann,Engineer,Development,63256
216573,d004,Ashish,Vidya,Senior Engineer,Production,41448
216921,d007,Lena,Lenart,Staff,Sales,51601
217026,d007,Otmar,Engberts,Senior Staff,Sales,51335
217080,d005,Masami,Puoti,Senior Engineer,Development,40000
217272,d007,Yuchang,Eldridge,Senior Staff,Sales,56909
217286,d005,Yannik,Spelt,Technique Leader,Development,40000
217320,d006,Abdelwaheb,Denis,Engineer,Quality Management,40000
217363,d009,Horward,Marzano,Staff,Customer Service,74333
217387,d005,Jianhao,Molenaar,Engineer,Development,40000
217551,d004,Panayotis,Lukaszewicz,Engineer,Production,41730
217800,d002,Shay,Servieres,Senior Staff,Finance,52924
218022,d005,Mokhtar,Poupard,Technique Leader,Development,46593
218100,d003,Jiong,Garnham,Senior Staff,Human Resources,40000
218831,d004,Unal,DuBourdieux,Engineer,Production,99378
219035,d006,Kristine,Bierman,Technique Leader,Quality Management,40000
219047,d005,Aemilian,Kusalik,Senior Engineer,Development,40000
219052,d001,Marsal,Acton,Staff,Marketing,62703
219417,d008,Subhrajyoti,Denna,Staff,Research,47152
219497,d005,Moie,Zastre,Technique Leader,Development,40929
219967,d003,Susanna,Reeken,Senior Staff,Human Resources,47439
220029,d005,Demos,Asser,Senior Engineer,Development,43792
220131,d005,Reinhard,Slaats,Senior Engineer,Development,48012
220418,d007,Poorav,Laventhal,Staff,Sales,73906
220528,d008,Sibyl,Rabehasaina,Senior Staff,Research,42934
220582,d001,Poornachandra,Zielinski,Staff,Marketing,54228
220611,d007,Yuping,Babb,Staff,Sales,40000
220625,d004,Shigenori,Deville,Technique Leader,Production,40000
220699,d009,Nahid,Gyimothy,Staff,Customer Service,40000
220799,d008,Perla,Orlowska,Senior Engineer,Research,51087
221126,d005,Tesuya,dAstous,Engineer,Development,40000
221367,d009,Saddek,Farris,Senior Staff,Customer Service,42249
221369,d006,Abdulah,Pocchiola,Engineer,Quality Management,52230
221435,d004,Djenana,Marrevee,Engineer,Production,68650
221973,d001,Sangeeta,Kalefeld,Staff,Marketing,59010
222206,d003,Stein,Uludag,Senior Staff,Human Resources,40000
222311,d005,Miyeon,Billingsley,Senior Engineer,Development,53877
222319,d005,Matt,Chvatal,Senior Engineer,Development,40000
222354,d005,Valdiodio,Schlumberger,Engineer,Development,40000
222616,d006,Badri,Schapire,Assistant Engineer,Quality Management,40000
222770,d005,Kazuhiko,Kushner,Senior Engineer,Development,49344
222878,d004,Annemarie,Zallocco,Senior Engineer,Production,42172
222926,d005,Limsoon,Erol,Senior Engineer,Development,40000
222952,d004,Gopalakrishnan,Suermann,Engineer,Production,51100
222998,d001,Leaf,Awdeh,Senior Staff,Marketing,51391
223593,d001,Hidefumi,Moehrke,Staff,Marketing,56912
223595,d004,Chiranjit,Dredge,Technique Leader,Production,44999
224135,d005,Annemarie,Bressoud,Engineer,Development,43178
224335,d005,Perry,Chachaty,Senior Engineer,Development,54702
224390,d008,True,Shobatake,Senior Staff,Research,40000
224934,d003,George,Miake,Staff,Human Resources,40000
225438,d007,Remmert,Quaggetto,Staff,Sales,78303
225601,d005,Masasuke,Genin,Assistant Engineer,Development,40000
225788,d005,Ipke,Kieras,Engineer,Development,40000
225867,d006,Ramalingam,Remmele,Senior Engineer,Quality Management,40000
225964,d004,Mooi,Cooman,Senior Engineer,Production,52478
226216,d006,Giordano,Gini,Technique Leader,Quality Management,40000
226227,d004,Herbert,Erva,Engineer,Production,55409
227354,d005,Gio,Murtha,Senior Engineer,Development,49256
227476,d005,Macha,Schnabel,Senior Engineer,Development,73795
227681,d002,Mikhail,Rousseau,Staff,Finance,45519
227899,d001,Garnik,Luce,Staff,Marketing,61605
227901,d008,Francesca,Azuma,Senior Staff,Research,40000
228098,d009,IEEE,Kroll,Engineer,Customer Service,40000
228248,d008,Yuriy,Plump,Staff,Research,54431
228554,d007,Bilhanan,Brendel,Senior Staff,Sales,71741
228766,d004,Nahla,Smailagic,Engineer,Production,86747
229098,d009,Berry,Yurek,Senior Staff,Customer Service,41874
229220,d004,Fabrizio,Lichtman,Engineer,Production,40000
229248,d008,Harjit,Terekhov,Staff,Research,40000
229386,d009,Pohua,Tasistro,Technique Leader,Customer Service,60980
229391,d004,Paloma,Henseler,Senior Engineer,Production,50035
229404,d003,Gilbert,Kilgour,Staff,Human Resources,55086
229547,d007,Moni,Schach,Staff,Sales,61762
229727,d005,Ewing,Millington,Engineer,Development,43638
229981,d004,Jamaludin,Fordan,Engineer,Production,56315
230002,d005,Tadahiro,Backhouse,Engineer,Development,84438
230126,d009,Bezalel,Radivojevic,Senior Staff,Customer Service,40000
230287,d004,Renny,Alameldin,Assistant Engineer,Production,40000
230354,d003,Yinghua,Lorho,Staff,Human Resources,40000
230498,d004,Kolar,Puppo,Senior Engineer,Production,40000
230579,d002,Shahar,Negoita,Senior Staff,Finance,60150
230689,d007,Dietrich,Crabtree,Senior Staff,Sales,45823
230865,d001,Takushi,Brattka,Staff,Marketing,61136
231069,d007,Trygve,Siksek,Staff,Sales,88709
231459,d004,Nectarios,Pramanik,Assistant Engineer,Production,55246
231671,d009,Chandrasekaran,Pearson,Staff,Customer Service,40000
231798,d005,Goetz,Alvarado,Senior Engineer,Development,46062
232178,d003,Etsuo,Anandan,Staff,Human Resources,40000
232209,d006,Nitsan,Rouquie,Engineer,Quality Management,46339
232697,d004,Barry,Ramsak,Senior Engineer,Production,40000
232723,d006,Tesuya,Bugrara,Engineer,Quality Management,40000
233114,d005,Alselm,Gargeya,Senior Engineer,Development,78365
233394,d005,Khalid,Lenart,Engineer,Development,40000
233397,d007,Fay,Sundgren,Senior Staff,Sales,63272
233426,d005,Etsuo,Usery,Engineer,Development,40990
233690,d005,Cedric,Riefers,Engineer,Development,47246
233759,d009,Zissis,Lodder,Engineer,Customer Service,40000
233765,d005,Kotesh,Chachaty,Senior Engineer,Development,47195
233785,d007,Baziley,Ballarin,Staff,Sales,88012
233818,d005,Kellie,Heydon,Engineer,Development,40000
234195,d007,Luerbio,Terkki,Staff,Sales,50836
234739,d004,Foong,Aamodt,Senior Engineer,Production,40000
235017,d007,Irena,Dratva,Senior Staff,Sales,66452
235096,d009,Sverrir,Gyimothy,Staff,Customer Service,75886
235325,d005,Gro,Prochazka,Senior Engineer,Development,40000
235368,d004,Anneli,Joslin,Senior Engineer,Production,40000
235458,d008,Gio,Heuser,Senior Staff,Research,46139
235729,d001,Henk,Anger,Staff,Marketing,52272
235780,d004,Sampalli,Bergere,Senior Engineer,Production,40000
235793,d006,Jayesh,Spinelli,Senior Engineer,Quality Management,61027
236315,d005,IEEE,Raczkowsky,Technique Leader,Development,40000
236566,d009,Yechezkel,Maginnis,Senior Staff,Customer Service,40000
236591,d001,Insup,Reinhard,Staff,Marketing,63990
236827,d005,Almudena,Rijckaert,Senior Engineer,Development,40000
236883,d007,Huan,Olivero,Staff,Sales,72410
236964,d009,Adel,Foote,Staff,Customer Service,85659
238112,d004,Miomir,Frezza,Technique Leader,Production,40000
238252,d007,Uno,Suppi,Staff,Sales,48008
238422,d007,Vishv,Angelov,Senior Staff,Sales,40000
238949,d007,Minghong,Cronin,Senior Staff,Sales,55007
239067,d007,Tadahiko,Pocchiola,Staff,Sales,90988
239244,d007,Abdulla,Kitai,Staff,Sales,58738
239415,d004,Susumu,Brender,Engineer,Production,48404
239426,d008,Vesna,Fairtlough,Engineer,Research,40000
239664,d004,Sugwoo,Michaels,Engineer,Production,40000
239706,d004,Arunas,Bugrara,Assistant Engineer,Production,58498
239748,d007,Bilhanan,Dusink,Staff,Sales,69092
239803,d008,Oscal,Ernst,Senior Staff,Research,40000
240132,d009,Mizuhito,Kobara,Senior Staff,Customer Service,56439
240236,d004,True,Tischendorf,Engineer,Production,40000
240285,d009,Kolar,Greenaway,Staff,Customer Service,45885
240340,d004,Mack,Staylopatis,Senior Engineer,Production,40000
240438,d009,Temple,Cyre,Staff,Customer Service,62140
240870,d004,Francesca,Chorvat,Staff,Production,40000
241100,d005,Cedric,Molenaar,Engineer,Development,40000
241254,d005,Jagoda,Anguita,Senior Engineer,Development,40000
241292,d009,Uri,Lampe,Staff,Customer Service,42997
241567,d005,Emran,Miara,Engineer,Development,40000
241667,d004,Atilio,Olivero,Senior Engineer,Production,56580
241728,d009,Limsoon,Boudaillier,Senior Engineer,Customer Service,52540
241872,d005,Bluma,Fetvedt,Staff,Development,40000
242019,d004,Herb,Murrill,Senior Engineer,Production,50527
242081,d004,Tomokazu,Pargas,Engineer,Production,50182
242104,d001,Richara,Sudkamp,Staff,Marketing,57772
242500,d007,Bingning,Iisaku,Senior Staff,Sales,76979
242800,d005,Kazuyasu,Levergood,Engineer,Development,46401
243018,d001,Bowen,Deverell,Senior Staff,Marketing,62716
243077,d004,Kazunori,Perz,Senior Engineer,Production,54935
243576,d007,Abdulah,Lodder,Senior Staff,Sales,60593
243637,d001,Marjo,Delgrange,Senior Staff,Marketing,60619
243898,d001,Arch,Basawa,Staff,Marketing,58876
244308,d001,Mokhtar,Rebaine,Senior Staff,Marketing,51276
244605,d002,Masoud,Suwa,Senior Staff,Finance,40000
244624,d008,Boaz,Seuren,Staff,Research,40000
244711,d004,Rosli,Butner,Engineer,Production,56130
244714,d004,Poorav,Clouatre,Senior Engineer,Production,50839
244820,d005,Shigenori,Hertweck,Engineer,Development,54013
244873,d007,Arunachalam,Oppitz,Senior Staff,Sales,82148
245164,d004,Filipp,Winter,Engineer,Production,57847
245396,d003,Gift,Bottner,Senior Staff,Human Resources,40000
245664,d007,Manohar,Kilgore,Staff,Sales,68558
246146,d006,Zhongwei,Melski,Engineer,Quality Management,57332
246244,d003,George,Casperson,Staff,Human Resources,53305
246364,d005,Alper,Tiemann,Engineer,Development,72695
246764,d007,Shuzo,Czaja,Staff,Sales,71627
246798,d001,Tianruo,Strooper,Senior Staff,Marketing,96152
246902,d003,Shih,Shanbhogue,Staff,Human Resources,40000
247089,d007,Seongbae,Schahn,Staff,Sales,66089
247122,d003,Xiaobin,Narlikar,Staff,Human Resources,40000
247447,d004,Tzu,Bakhtari,Senior Engineer,Production,45800
247456,d004,Masako,Bahk,Engineer,Production,61394
247612,d005,Chiranjit,Constantine,Engineer,Development,40000
247875,d001,Xiong,Anick,Senior Staff,Marketing,77461
247888,d006,Abdelghani,Lagarias,Senior Engineer,Quality Management,40000
248256,d007,Sajjan,Falby,Staff,Sales,68786
248351,d001,Jaana,Milicia,Senior Staff,Marketing,55386
248758,d009,Snehasis,Muhlberg,Staff,Customer Service,79398
248953,d004,Percy,Sudbeck,Assistant Engineer,Production,47201
249239,d005,Hideyuki,Decleir,Senior Engineer,Development,40000
249325,d007,Ute,Pokrovskii,Staff,Sales,82809
249433,d004,Ayonca,Matzov,Engineer,Production,50915
249504,d008,Dmitry,Velardi,Engineer,Research,40000
249780,d009,Nechama,Gaughan,Assistant Engineer,Customer Service,56733
249799,d005,Jolita,Neimat,Engineer,Development,41338
249866,d007,Steen,Gubsky,Senior Staff,Sales,49410
249969,d004,Georgi,Luiz,Engineer,Production,73578
250411,d007,Ranga,Sommen,Senior Staff,Sales,54722
250452,d005,Alexius,Plavsic,Senior Engineer,Development,55615
250748,d005,Kish,Turnbull,Engineer,Development,40000
251166,d002,Hinrich,Hooghiemstra,Senior Staff,Finance,74699
251233,d004,Yucel,Bernini,Senior Engineer,Production,47919
251301,d007,Pintsang,Impagliazzo,Senior Staff,Sales,51640
251341,d003,Divier,Kumaresan,Senior Staff,Human Resources,40000
251403,d005,Utpal,DuBourdieux,Technique Leader,Development,40000
251437,d005,Shichao,Iwayama,Assistant Engineer,Development,40000
251645,d007,Bezalel,Tsunoo,Senior Staff,Sales,54614
251680,d005,Moty,Sommen,Senior Engineer,Development,54883
251814,d004,Mitsuyuki,Zockler,Technique Leader,Production,42555
252185,d006,Chaosheng,Conta,Engineer,Quality Management,44552
252316,d005,Gill,Niizuma,Engineer,Development,46232
252392,d004,Sanjeeva,Peron,Senior Engineer,Production,40000
253029,d006,Thodoros,Thimonier,Engineer,Quality Management,40000
253707,d007,Insup,Hainaut,Staff,Sales,57777
253838,d004,Stafford,Terlouw,Assistant Engineer,Production,40000
253893,d004,Huiqun,Trystram,Senior Engineer,Production,44376
254044,d006,Gunilla,Brendel,Engineer,Quality Management,40000
254399,d004,Armond,Lores,Technique Leader,Production,58503
254821,d007,Tonny,Couchot,Staff,Sales,58821
255466,d004,Huan,Roccetti,Senior Engineer,Production,53964
255657,d005,Oldrich,Cyre,Engineer,Development,40000
255779,d004,Heejo,Merle,Technique Leader,Production,40000
256216,d004,Halsur,Brodal,Engineer,Production,40000
256856,d003,Hongzue,Barbanera,Senior Staff,Human Resources,40000
256881,d005,Ioana,Jakobus,Engineer,Development,45924
256888,d001,Heather,Pehl,Staff,Marketing,50006
257062,d005,Stabislas,Pardalos,Engineer,Development,53285
257378,d001,Pascal,Bernatsky,Senior Staff,Marketing,45349
257469,d002,Anyuan,Hanratty,Senior Staff,Finance,53367
257484,d003,Shaowei,Nicolson,Senior Staff,Human Resources,40000
258028,d008,Mountaz,Reinhart,Engineer,Research,55108
258124,d007,Mariusz,Zolotykh,Senior Staff,Sales,84665
258470,d007,Weiwu,Butner,Staff,Sales,98002
258643,d005,Przemyslawa,Esposito,Engineer,Development,47581
259042,d007,Xiaoqiang,Farrow,Staff,Sales,67056
259237,d009,Palash,Gammage,Senior Staff,Customer Service,40000
259273,d004,Xiahua,Gomatam,Senior Engineer,Production,52325
259611,d007,Shuichi,Marrakchi,Senior Staff,Sales,57203
259619,d002,Conal,Magliocco,Senior Staff,Finance,41263
259718,d005,Stepehn,Bouloucos,Senior Staff,Development,57915
260153,d005,Mingdong,Baar,Technique Leader,Development,71781
260249,d009,Vugranam,Beausoleil,Staff,Customer Service,49234
260361,d004,Reinhold,Rahier,Engineer,Production,40000
260399,d002,Hatem,Birsak,Senior Staff,Finance,63485
260408,d009,Sasan,Brookner,Staff,Customer Service,40000
260501,d005,Dzung,Pargas,Technique Leader,Development,59070
261184,d004,Masako,Kornatzky,Senior Engineer,Production,51696
261631,d005,Jianhua,Huttel,Engineer,Development,48817
261662,d002,Berni,Assaf,Senior Staff,Finance,64577
261737,d004,Mark,Lindqvist,Senior Engineer,Production,40000
261986,d005,Gila,Ramsak,Senior Engineer,Development,50346
261990,d007,Volkmar,Czaja,Senior Staff,Sales,55592
262208,d007,Mrinalini,Holburn,Senior Staff,Sales,82779
262210,d005,Chinho,Bottner,Engineer,Development,50052
262328,d007,Mayuko,Vural,Staff,Sales,63741
262439,d001,Lorien,Lagarias,Staff,Marketing,78223
262636,d004,Tamiya,Reutenauer,Senior Engineer,Production,62056
262752,d005,Pramod,Bierman,Engineer,Development,63602
262928,d006,Piyush,Gill,Engineer,Quality Management,40000
263012,d003,Hideo,Buchter,Staff,Human Resources,40755
263186,d005,Danny,Lowrie,Technique Leader,Development,40000
263370,d007,Shakhar,Ranze,Staff,Sales,76883
263439,d005,Atreye,Kabayashi,Senior Engineer,Development,40000
263645,d005,Mingsen,Lally,Senior Engineer,Development,62104
263649,d007,Mechthild,Zongker,Senior Staff,Sales,67578
263926,d007,Fusako,Schwartzbauer,Staff,Sales,43694
264030,d004,Zdislav,Solares,Assistant Engineer,Production,40000
264167,d005,Baoqiu,Tomescu,Senior Engineer,Development,59581
264322,d007,Leandro,Swist,Senior Staff,Sales,58053
264626,d001,Noritoshi,Bakhtari,Senior Staff,Marketing,40000
264939,d004,Bogdan,Bahi,Engineer,Production,40000
265039,d002,Navid,Staudhammer,Staff,Finance,71928
265521,d004,Kensei,Salverda,Engineer,Production,52088
265558,d007,Susuma,Kleiser,Staff,Sales,79792
265794,d007,Miquel,Halloran,Staff,Sales,83098
265875,d004,Fan,Marsiglia,Engineer,Production,44708
266206,d001,Zsolt,Anily,Senior Staff,Marketing,63169
266249,d007,Sumant,Nishimukai,Senior Staff,Sales,65301
266310,d008,Zvonko,Serdy,Staff,Research,40000
266644,d002,Anwar,Gubsky,Senior Staff,Finance,40000
266862,d008,Mart,Plumb,Senior Staff,Research,40000
266881,d001,Mokhtar,Sabnani,Staff,Marketing,40000
267059,d009,Moie,Tempesti,Senior Staff,Customer Service,51878
267227,d004,Susuma,Tagansky,Engineer,Production,40000
267304,d007,Jordanka,Axelband,Senior Staff,Sales,61938
267667,d007,Irena,Kaiserswerth,Staff,Sales,75381
268043,d005,Narain,Mikschl,Engineer,Development,40000
268191,d004,LiMin,Teitelbaum,Engineer,Production,53601
269728,d001,Naftali,Kragelund,Senior Staff,Marketing,71296
270084,d001,Ulises,Frolund,Senior Staff,Marketing,40000
270716,d007,Shunichi,Baer,Staff,Sales,104010
270794,d001,Dannz,Zhang,Senior Staff,Marketing,73566
271106,d004,Taisook,Kampfer,Engineer,Production,57783
271219,d004,Odoardo,Tyugu,Engineer,Production,40000
272141,d005,Tsutomu,Neiman,Senior Staff,Development,40000
272285,d009,Gully,Mitchem,Staff,Customer Service,40000
272316,d004,Surveyors,Muhling,Engineer,Production,46031
272452,d008,Mitsuyuki,Isard,Engineer,Research,60967
272599,d001,Holgard,Hegner,Staff,Marketing,42096
272860,d004,Minghong,Candan,Assistant Engineer,Production,40000
273159,d005,Divine,Hofmeyr,Technique Leader,Development,40000
273286,d005,Brigham,Asmuth,Engineer,Development,43159
273396,d005,Wayne,Baba,Engineer,Development,60301
273806,d009,Hongzhu,Beetstra,Senior Staff,Customer Service,81637
273858,d007,Gunilla,Matzen,Senior Staff,Sales,66820
274071,d003,Mingsen,Weiland,Staff,Human Resources,40000
274271,d007,Prodip,Ritcey,Staff,Sales,55623
274369,d008,Ranga,Waymire,Senior Staff,Research,44399
274813,d007,Yefim,Pettey,Senior Staff,Sales,66431
275158,d005,Satyanarayana,Brandsma,Engineer,Development,93286
275263,d005,Vojin,Laventhal,Engineer,Development,64702
275444,d005,Limsoon,Leppanen,Engineer,Development,55338
275495,d007,Shen,Yamaashi,Staff,Sales,41626
275801,d007,Ayakannu,Heinisuo,Senior Staff,Sales,70395
275881,d004,Jiann,Munro,Senior Engineer,Production,40000
275994,d004,Uma,Prampolini,Senior Engineer,Production,40000
276027,d008,Holgard,Stavenow,Staff,Research,40000
276184,d007,Mari,Swick,Senior Staff,Sales,77922
276186,d003,Sajjad,Vecchi,Senior Staff,Human Resources,40000
276189,d003,Isaac,Klerer,Senior Staff,Human Resources,47945
276445,d004,Atilio,Randi,Engineer,Production,63137
276472,d005,Hideyuki,Flanders,Engineer,Development,49162
276563,d009,Gift,Solares,Senior Staff,Customer Service,40000
276868,d001,Alois,Sanella,Staff,Marketing,61613
277316,d007,Vitali,Rothenberg,Senior Staff,Sales,86493
277362,d009,Uzi,Kugler,Senior Staff,Customer Service,40000
277420,d004,Rayond,Schach,Engineer,Production,40000
277777,d005,Herbert,Itzigehl,Senior Engineer,Development,40000
277829,d005,Michaela,Fandrianto,Senior Engineer,Development,40000
278239,d008,Boaz,Bottner,Staff,Research,40000
278386,d006,Caolyn,Poujol,Technique Leader,Quality Management,42957
278452,d003,Sudhanshu,Toyoshima,Staff,Human Resources,40000
278536,d001,Munenori,Shobatake,Staff,Marketing,70597
278549,d007,Jaana,Werthner,Staff,Sales,89009
278953,d005,Jeanna,Ghandeharizadeh,Senior Engineer,Development,40000
279115,d005,Maren,DuCasse,Engineer,Development,55885
279280,d004,Niranjan,Debuse,Senior Engineer,Production,40000
279791,d005,Chiranjit,Lyonns,Assistant Engineer,Development,40000
280070,d003,Niteen,Ebeling,Staff,Human Resources,43684
280291,d009,Lenore,Badache,Staff,Customer Service,41617
280420,d007,Jahangir,Hofting,Senior Staff,Sales,80385
280525,d007,Kish,Herbst,Staff,Sales,100167
280648,d004,Heeju,Lorys,Senior Engineer,Production,61217
281570,d005,Zijian,Covnot,Assistant Engineer,Development,50023
281692,d006,Khosrow,Sommen,Senior Engineer,Quality Management,45215
281848,d005,Parke,Staylopatis,Senior Engineer,Development,40000
281859,d004,Masanao,Papastamatiou,Senior Engineer,Production,56239
282191,d005,Alper,Shinomoto,Engineer,Development,41448
282333,d008,Nahla,Serdy,Senior Staff,Research,40000
282343,d007,Xinglin,Haldar,Senior Staff,Sales,77230
282547,d005,Nahum,Codenie,Engineer,Development,40754
282585,d009,Zijian,Lammel,Staff,Customer Service,43246
282894,d005,Fay,Bellmore,Engineer,Development,53242
284300,d001,Ishfaq,Mahmud,Senior Staff,Marketing,90644
284431,d007,Pintsang,Fujisawa,Staff,Sales,65037
284561,d006,Duri,Beznosov,Senior Engineer,Quality Management,50960
284687,d005,Oksana,Redmiles,Engineer,Development,40000
284691,d005,Theron,Ressouche,Engineer,Development,40000
284711,d005,Martijn,Azevdeo,Senior Engineer,Development,57721
284717,d005,Gal,Ranta,Engineer,Development,40000
284856,d006,Moto,Kobara,Engineer,Quality Management,40000
284954,d006,Anneke,Hammerschmidt,Engineer,Quality Management,40000
285164,d007,Xiaocheng,Kumaresan,Staff,Sales,91283
285396,d005,Lena,Kohling,Engineer,Development,66793
285905,d008,Kellyn,Bage,Senior Staff,Research,51667
285906,d005,Arnould,Buescher,Engineer,Development,49297
286026,d007,Utpal,Zaumen,Senior Staff,Sales,65537
286029,d009,Jaques,Nanard,Staff,Customer Service,41827
286370,d003,Toshimitsu,Seuren,Senior Staff,Human Resources,45618
286452,d005,Behnaam,Bierbaum,Engineer,Development,43036
286573,d004,Nahum,Nishimukai,Engineer,Production,40000
286779,d004,Sigeru,Versino,Engineer,Production,54400
286986,d005,Woody,Trelles,Senior Engineer,Development,55706
287323,d007,Steve,Dengi,Staff,Sales,73295
287327,d003,Youjian,Felder,Staff,Human Resources,58866
287334,d004,Elliott,Speer,Engineer,Production,47441
287482,d006,Shigeaki,Gihr,Engineer,Quality Management,63479
287583,d004,Jovan,Hockney,Engineer,Production,47726
287609,d005,Sailaja,Negoita,Assistant Engineer,Development,48605
287713,d002,Aamod,Ranka,Senior Staff,Finance,46369
287808,d005,Vidar,Ozeki,Technique Leader,Development,51801
287983,d001,Randi,Munos,Senior Staff,Marketing,83519
287984,d005,Troy,Kobuchi,Senior Engineer,Development,45001
288028,d005,Kauko,Narwekar,Engineer,Development,50537
288142,d007,Shay,Heystek,Staff,Sales,67640
288166,d003,Masoud,Asmuth,Staff,Human Resources,66034
288560,d001,Yifei,Birjandi,Senior Staff,Marketing,64818
288563,d004,Cristinel,Gerlach,Engineer,Production,40000
288606,d007,Susumu,Swiss,Senior Staff,Sales,93892
288665,d005,Horward,Khasidashvili,Senior Engineer,Development,48607
288893,d005,Bedrich,Rosenbaum,Engineer,Development,40000
289454,d005,Bowen,Narwekar,Senior Engineer,Development,52363
289687,d008,Fai,Maccarone,Senior Staff,Research,45390
289807,d009,Soenke,Lemarechal,Staff,Customer Service,40000
289909,d007,Hilari,Vecchio,Senior Staff,Sales,73997
290009,d003,Zijian,Rindone,Senior Staff,Human Resources,40000
290075,d003,Boalin,Byoun,Senior Staff,Human Resources,49861
290284,d005,Kwangjo,Menhardt,Engineer,Development,52459
290441,d007,Gregory,Collavizza,Staff,Sales,91982
290467,d008,Shaowen,Poulakidas,Staff,Research,47812
290478,d006,Tsvetan,Sherertz,Assistant Engineer,Quality Management,54683
290563,d004,Shigehiro,Oxenboll,Senior Engineer,Production,40000
290769,d005,Lalit,Blokdijk,Senior Engineer,Development,44580
291352,d008,Danai,Trelles,Technique Leader,Research,55697
291612,d005,Siamak,Gomatam,Engineer,Development,40000
291669,d005,Faiza,Bach,Engineer,Development,59691
292110,d005,Menkae,Showalter,Senior Engineer,Development,53348
292146,d005,Khatoun,Pulkowski,Engineer,Development,40000
292210,d005,Masaru,Huhdanpaa,Senior Engineer,Development,57954
292404,d008,Hongzue,Zultner,Senior Staff,Research,44910
292504,d006,Georgi,Bednarek,Engineer,Quality Management,40000
292515,d005,Bernd,Thummel,Assistant Engineer,Development,40000
292828,d004,Ziya,Tokunaga,Engineer,Production,40000
293080,d003,Hideyuki,Slaats,Senior Staff,Human Resources,59821
293154,d001,Syozo,Maliniak,Senior Staff,Marketing,47147
293280,d005,Moti,Steenbeek,Engineer,Development,40000
293329,d005,Fumiya,Griswold,Engineer,Development,60254
293746,d005,Sanjay,Litecky,Engineer,Development,40000
293752,d007,Jungsoon,Bail,Staff,Sales,60081
294144,d007,Takanari,Ermel,Staff,Sales,74140
294241,d002,Marl,Fiebach,Senior Staff,Finance,74077
294446,d002,Claudi,Ruemmler,Staff,Finance,57740
294461,d005,Siddarth,Rosiles,Senior Engineer,Development,44245
294527,d001,Ashish,Candan,Senior Staff,Marketing,62362
294652,d008,Hironobu,Brodie,Engineer,Research,40000
294791,d005,Vesna,Lammel,Assistant Engineer,Development,62854
294857,d005,Caolyn,Ozeri,Senior Engineer,Development,76899
295030,d009,Fun,Keirsey,Senior Staff,Customer Service,40000
295236,d005,Kauko,Fujisawa,Senior Engineer,Development,40000
295254,d003,Xuejun,Pfau,Senior Staff,Human Resources,40000
295255,d004,Jacopo,Bellone,Technique Leader,Production,42789
295262,d004,Moon,Pews,Assistant Engineer,Production,40000
295268,d003,Eben,Calkin,Staff,Human Resources,62556
295278,d005,Val,Barvinok,Engineer,Development,51829
295411,d007,Chiranjit,Serot,Staff,Sales,53572
295857,d003,Kankanahalli,Ciolek,Senior Staff,Human Resources,44461
296062,d008,Shaz,Driscoll,Staff,Research,55272
296303,d005,Mariangiola,Heyers,Technique Leader,Development,55209
296428,d007,Charmane,Simmen,Senior Staff,Sales,62557
296664,d004,Dipayan,Geffroy,Senior Engineer,Production,40000
296687,d008,Palash,Spieker,Senior Staff,Research,40000
296718,d004,Kamakshi,Bahl,Senior Engineer,Production,40000
297232,d007,Lokesh,Saoudi,Senior Staff,Sales,56647
297431,d001,Cathie,Ratnakar,Senior Staff,Marketing,58600
297474,d008,Irena,Terkki,Staff,Research,44241
297905,d005,Marc,Bahl,Assistant Engineer,Development,40000
297954,d004,Sailaja,Fujisaki,Assistant Engineer,Production,40000
298339,d005,King,Benzmuller,Engineer,Development,40000
298577,d002,Florina,Litecky,Staff,Finance,75632
298953,d002,Zita,Syang,Staff,Finance,56226
299346,d003,Fumitake,Sichman,Senior Staff,Human Resources,40000
299580,d006,Luisa,Itzfeldt,Engineer,Quality Management,49708
299718,d008,Denny,Shobatake,Staff,Research,40000
299737,d007,Patricio,Itzfeldt,Senior Staff,Sales,75091
400046,d005,Hilari,Christ,Senior Staff,Development,40000
400358,d005,Angus,Jullig,Senior Engineer,Development,65485
400683,d007,Kamakshi,Manders,Staff,Sales,65023
400780,d005,Poornachandra,Asser,Engineer,Development,40000
400796,d005,Bodo,Halevi,Engineer,Development,40000
401154,d003,Danae,Kragelund,Staff,Human Resources,40000
401278,d004,Oguz,Schurmann,Engineer,Production,62122
401333,d004,Martins,Shokrollahi,Engineer,Production,40000
401420,d009,Florian,Uhrig,Senior Staff,Customer Service,40000
401574,d004,Yannik,Falco,Technique Leader,Production,52475
402025,d006,Shigehito,Duclos,Senior Engineer,Quality Management,50425
402102,d005,Kersti,Granlund,Engineer,Development,40000
402664,d004,Subhada,Janetzko,Senior Engineer,Production,43122
402718,d005,Jeanna,Rettelbach,Senior Engineer,Development,58377
402827,d003,Weidon,Pollacia,Senior Staff,Human Resources,53483
403010,d005,Toshimitsu,Sluis,Senior Engineer,Development,59167
403621,d001,Deborah,Kaminger,Senior Staff,Marketing,52532
403644,d003,Krisda,Hainaut,Senior Staff,Human Resources,40000
403954,d005,Jeanna,Bratten,Engineer,Development,40000
404018,d005,Valery,Babb,Senior Engineer,Development,55622
404236,d005,Zengping,Kakkar,Engineer,Development,43423
404462,d005,Anestis,Setlzner,Engineer,Development,40194
404573,d003,Eberhardt,Spelt,Staff,Human Resources,40000
404755,d001,Manu,Junet,Staff,Marketing,55120
404788,d005,Basem,Beausoleil,Engineer,Development,50754
405015,d007,Morris,Fargier,Senior Staff,Sales,72535
405063,d004,Yechezkel,Yurov,Senior Engineer,Production,67423
406125,d004,Georgi,Portugali,Technique Leader,Production,40000
406239,d005,Marek,Tomescu,Senior Engineer,Development,40000
406564,d005,Parviz,Picco,Engineer,Development,42716
406714,d008,Malu,Ossenbruggen,Senior Staff,Research,40000
406847,d007,Alexius,Crouzet,Staff,Sales,65556
407522,d002,Tommaso,Raczkowsky,Staff,Finance,53708
407837,d006,Fei,Erez,Senior Engineer,Quality Management,47359
408019,d004,Shridhar,Chleq,Assistant Engineer,Production,46019
408114,d005,Geoffrey,Ladret,Engineer,Development,75323
408163,d005,Irene,Sethi,Senior Engineer,Development,67566
408417,d007,Tsz,Daescu,Staff,Sales,50677
408437,d009,Uno,Solares,Staff,Customer Service,59806
408447,d007,Mayuri,Werthner,Staff,Sales,65539
408654,d009,Yongqiao,Cochrane,Staff,Customer Service,47427
408953,d005,Jolita,Claffy,Senior Engineer,Development,40000
409391,d004,Willard,Verspoor,Engineer,Production,40675
409798,d004,Dekang,Tsunoo,Technique Leader,Production,55643
409805,d006,Frazer,Candan,Senior Engineer,Quality Management,60575
409898,d005,Divier,Ishibashi,Engineer,Development,60860
410028,d003,Xiadong,McClurg,Senior Staff,Human Resources,40000
410372,d005,Duri,Mitina,Engineer,Development,40608
410433,d004,Kazuhisa,Riesenhuber,Senior Engineer,Production,49038
410616,d005,Gudjon,Kalorkoti,Engineer,Development,40000
410804,d004,Ronnie,Denos,Senior Engineer,Production,49617
410881,d006,Koichi,Grabner,Senior Engineer,Quality Management,40000
411070,d005,Otmar,Brandsma,Engineer,Development,41389
411082,d004,Martine,Cangellaris,Senior Engineer,Production,40987
411143,d001,Goncalo,Barbanera,Senior Staff,Marketing,87814
412404,d004,Mitsuyuki,Jeansoulin,Senior Engineer,Production,75569
412757,d005,Leen,Peak,Engineer,Development,40000
413098,d008,Hsiangchu,Taubenfeld,Senior Staff,Research,45619
413205,d007,Mototsugu,Prampolini,Senior Staff,Sales,82766
413666,d002,Remco,Duclos,Staff,Finance,62764
413729,d005,Harjit,Ernst,Technique Leader,Development,40000
413831,d009,Mohamadou,Grabner,Staff,Customer Service,40444
413832,d003,Marco,Jahnichen,Senior Staff,Human Resources,40000
414027,d009,Tadanori,Msuda,Senior Engineer,Customer Service,40000
414091,d005,Wuxu,Kuhnemann,Engineer,Development,40000
414543,d004,Bernd,Anick,Senior Engineer,Production,68487
414551,d005,Elliott,Copas,Engineer,Development,41620
414662,d005,Ipke,Schneeberger,Engineer,Development,52170
414714,d008,Chinho,Delgrande,Senior Staff,Research,47105
414814,d005,Dayanand,Wielonsky,Staff,Development,43223
414897,d007,Juyoung,Willoner,Senior Staff,Sales,69580
415187,d004,Juyoung,Peltason,Assistant Engineer,Production,57432
415338,d004,Shigeo,Emmart,Assistant Engineer,Production,40000
415363,d001,Conal,Shackell,Senior Staff,Marketing,56789
415563,d005,Mrinalini,Bierbaum,Engineer,Development,51477
416074,d005,Alain,Lieberherr,Senior Engineer,Development,40000
416383,d005,Nectarios,Itschner,Senior Engineer,Development,57970
416420,d007,Adamantios,Heemskerk,Senior Staff,Sales,57583
416492,d005,Kannan,Meriste,Senior Engineer,Development,40000
416660,d005,Nathalie,Luke,Assistant Engineer,Development,40000
416720,d004,Tokuyasu,Xiaoshan,Senior Engineer,Production,50877
416877,d001,Gio,Orsini,Senior Staff,Marketing,82181
416892,d004,Shooichi,Vandervoorde,Engineer,Production,55754
417435,d007,Bouchung,Zaumen,Senior Staff,Sales,88979
418239,d004,Josyula,Motley,Senior Engineer,Production,65620
418247,d001,Oscar,Oppitz,Senior Staff,Marketing,58604
418298,d004,Arvin,Pusterhofer,Engineer,Production,40000
418309,d004,Danel,Petereit,Engineer,Production,47095
418380,d004,Kazuhiko,Gornas,Senior Engineer,Production,41525
418566,d004,Kazuhide,Snedden,Senior Engineer,Production,62954
418606,d004,Michaela,Otillio,Engineer,Production,41390
418717,d007,Arunachalam,Magliocco,Senior Staff,Sales,67967
418860,d001,Ymte,Dalton,Senior Staff,Marketing,51181
419099,d007,Heon,Broomell,Staff,Sales,96271
419953,d001,Ung,Orlowski,Senior Staff,Marketing,60803
420086,d005,Susuma,Kitsuregawa,Engineer,Development,48457
420476,d009,Mariangiola,Bolsens,Senior Staff,Customer Service,40000
420557,d007,Mabhin,Eastman,Staff,Sales,82355
420694,d008,Frazer,Barbanera,Senior Staff,Research,40000
420732,d001,Willard,Morrin,Senior Staff,Marketing,59288
420759,d007,Raimond,Solovay,Staff,Sales,55608
420765,d007,Shawna,Krider,Senior Staff,Sales,78825
420877,d002,Khosrow,Erez,Senior Staff,Finance,48689
421022,d007,Shigeaki,Butner,Senior Staff,Sales,67327
421033,d007,Garnik,Randt,Senior Staff,Sales,87795
421074,d007,Zhaofang,Falster,Staff,Sales,72554
421312,d005,Mariangiola,Bashian,Engineer,Development,40000
421384,d003,Renny,Bednarek,Senior Staff,Human Resources,40000
421755,d004,Shichao,Thiria,Assistant Engineer,Production,49914
422146,d008,Kenton,Miara,Engineer,Research,40000
422783,d004,Jagoda,Uhrig,Engineer,Production,40000
423038,d007,Takushi,Strehl,Senior Staff,Sales,60743
423204,d007,Uma,Stranks,Senior Staff,Sales,64505
423208,d005,Joydip,Krone,Engineer,Development,58830
423214,d002,Tsutomu,Tetzlaff,Senior Staff,Finance,67902
423327,d007,Constantijn,Lichtman,Staff,Sales,79684
423350,d007,Heping,Monarch,Senior Staff,Sales,45927
423633,d005,Mariusz,Tokunaga,Senior Engineer,Development,51147
423993,d005,Seshu,Kolvik,Technique Leader,Development,40000
424569,d005,Danco,Luff,Engineer,Development,67193
424584,d005,Kagan,Dredge,Engineer,Development,49152
424685,d002,Changho,Veevers,Senior Staff,Finance,44053
424797,d007,Theron,Itschner,Staff,Sales,99526
424805,d007,Jacqueline,Zallocco,Senior Staff,Sales,81079
424930,d003,Xuejun,Reeker,Senior Staff,Human Resources,48452
424984,d005,Vasilis,Waleschkowski,Engineer,Development,40000
425437,d005,Moni,Staudhammer,Engineer,Development,43287
425535,d001,Alagu,Vieri,Staff,Marketing,80858
425540,d002,Paddy,Zumaque,Senior Staff,Finance,53256
425757,d004,Yongdong,Jiang,Senior Staff,Production,65128
425780,d007,Paris,Range,Staff,Sales,65037
425830,d005,Guther,Conia,Engineer,Development,63504
425875,d007,Jahangir,Kroft,Senior Staff,Sales,41046
426153,d007,Shahaf,Luce,Senior Staff,Sales,74658
426168,d002,Kaijung,Mateescu,Staff,Finance,51634
426228,d005,Supot,Badache,Engineer,Development,48175
426235,d003,Danco,Rajala,Staff,Human Resources,46445
426644,d004,Zejun,Broomell,Engineer,Production,66298
426706,d004,Karsten,Kawashima,Engineer,Production,52496
426795,d009,Huican,Lunn,Senior Staff,Customer Service,48445
426818,d009,Gaurav,Fendler,Staff,Customer Service,40000
426819,d004,Sandeepan,Kulisch,Engineer,Production,51809
426824,d009,Gopalakrishnan,Mawatari,Senior Staff,Customer Service,58680
426958,d004,Weijing,Viele,Engineer,Production,55729
427313,d008,Utpal,Kemmerer,Senior Staff,Research,40000
427320,d005,Mamdouh,Ramamoorthy,Senior Engineer,Development,53985
427332,d009,Feiyu,Hemaspaandra,Staff,Customer Service,50549
427571,d008,Torsten,Ranta,Engineer,Research,55037
427776,d002,Jaques,Navazio,Senior Staff,Finance,83358
427805,d002,Haldun,Compeau,Senior Staff,Finance,66766
427823,d009,Jaques,Gecsei,Staff,Customer Service,46107
427852,d004,Adil,Kieras,Senior Engineer,Production,48349
428082,d003,Ronghao,Alpin,Senior Staff,Human Resources,40000
428160,d001,Jamaludin,Kalorkoti,Senior Staff,Marketing,62732
428195,d003,Hatsukazu,Rosca,Senior Staff,Human Resources,63119
428219,d007,Ghassan,Androutsos,Senior Staff,Sales,84926
428917,d005,Theron,Billawala,Engineer,Development,40000
429087,d006,Hugh,Senzako,Technique Leader,Quality Management,51383
429231,d007,Kazuyasu,Schmiedel,Staff,Sales,85371
429238,d007,Mona,Luck,Senior Staff,Sales,98463
429249,d008,Alassane,Wolniewicz,Engineer,Research,40000
429316,d002,Seshu,Hiraishi,Staff,Finance,40000
429381,d007,Limsoon,Roohalamini,Staff,Sales,75021
429481,d005,Subhada,Emmerich,Engineer,Development,50310
429520,d006,Yongqiao,Francisci,Engineer,Quality Management,64463
429532,d009,Bartek,Vendrig,Senior Staff,Customer Service,68137
429569,d005,Fumiya,Chappelet,Assistant Engineer,Development,47441
429703,d003,Ung,Honglei,Staff,Human Resources,40000
429899,d001,Ranan,Marsiglia,Staff,Marketing,40554
429954,d007,Renny,Gladwell,Staff,Sales,77431
430054,d005,Erzsebet,Setiz,Engineer,Development,91507
430558,d006,Xiong,Roisin,Engineer,Quality Management,40000
430593,d009,Janalee,Lanzelotte,Senior Staff,Customer Service,40000
430631,d005,Kersti,Marsiglia,Engineer,Development,55205
430891,d004,Khalil,Gien,Senior Engineer,Production,68320
431576,d003,Masamitsu,Back,Staff,Human Resources,76741
431657,d005,Visit,Thiran,Engineer,Development,40000
431882,d005,Hideo,Varman,Engineer,Development,53101
431887,d005,Poorav,Ranst,Senior Engineer,Development,44157
432031,d007,Adamantios,Matzat,Staff,Sales,60534
432034,d001,Arfst,Uehara,Senior Staff,Marketing,50138
432121,d009,Alair,Straney,Senior Staff,Customer Service,40000
432257,d004,Kwangjo,Hiltgen,Engineer,Production,84748
432261,d005,Arve,Bergere,Engineer,Development,73145
432399,d009,Nitsan,Nollmann,Senior Engineer,Customer Service,40000
432523,d005,Takahiro,Maquelin,Engineer,Development,77172
432665,d005,Flemming,Driscoll,Engineer,Development,42199
432787,d005,Toshiko,Ibel,Senior Engineer,Development,41515
432956,d001,Qunsheng,Birrer,Senior Staff,Marketing,59603
433059,d007,Bojan,Montresor,Staff,Sales,83650
433157,d007,Tomofumi,Serna,Staff,Sales,84693
433260,d006,Make,Olivero,Assistant Engineer,Quality Management,40000
433438,d008,Keiichiro,Miyakawa,Staff,Research,86599
434845,d007,Takushi,Skogmar,Senior Staff,Sales,56010
434936,d005,Sahrah,Rosis,Engineer,Development,54397
435042,d007,Brigham,Borstler,Staff,Sales,55687
435060,d007,Moie,Lieblein,Staff,Sales,48951
435181,d001,Kazuhide,Fiutem,Senior Staff,Marketing,40000
435289,d001,Feixiong,Schurmann,Staff,Marketing,78074
435305,d007,Berthier,Pramanik,Senior Staff,Sales,61083
435370,d007,Conal,Basart,Senior Staff,Sales,56330
435588,d003,Genta,Pepe,Senior Staff,Human Resources,40000
435602,d007,Dietrich,Kranzdorf,Senior Staff,Sales,70591
435774,d007,Olivera,Bharadwaj,Staff,Sales,62182
435791,d006,Hercules,Speer,Senior Engineer,Quality Management,41333
436558,d005,Subir,Greibach,Senior Engineer,Development,59648
436797,d002,Ohad,Henders,Senior Staff,Finance,47748
436827,d003,Wojceich,Limongiello,Senior Staff,Human Resources,42069
436915,d008,Feixiong,Haraldson,Staff,Research,40000
437276,d002,Dines,DeMori,Staff,Finance,52997
437369,d007,Kazuhide,Biran,Senior Staff,Sales,44053
437395,d001,Sumant,Thambidurai,Senior Staff,Marketing,75620
437724,d003,Erez,Luft,Staff,Human Resources,53468
437870,d005,Kerhong,Lorho,Staff,Development,65132
438038,d001,Lena,Giaccio,Senior Staff,Marketing,77091
438264,d009,Rasikan,Barreiro,Senior Staff,Customer Service,42706
438557,d005,Lidong,Swist,Engineer,Development,40000
439377,d005,Mari,Plessier,Senior Engineer,Development,40000
439905,d009,Kousuke,Levasseur,Senior Staff,Customer Service,56753
439924,d002,Gunilla,Kisuki,Senior Staff,Finance,81991
440325,d007,Douadi,Sullins,Senior Staff,Sales,70248
440435,d005,Sandeepan,Rosti,Senior Engineer,Development,40000
440450,d003,Tzvetan,Scharstein,Staff,Human Resources,42474
440642,d007,Snehasis,Kalsbeek,Senior Staff,Sales,96916
440870,d009,Filipp,Hasham,Staff,Customer Service,40000
440937,d008,Fabrizio,Usery,Staff,Research,55815
441197,d007,Miquel,Legleitner,Staff,Sales,56738
441536,d004,Chinho,Collette,Senior Engineer,Production,40000
441954,d004,Leszek,Marchegay,Engineer,Production,42564
441965,d008,Claudi,Heijenga,Senior Staff,Research,40000
442002,d007,Ravishankar,Baig,Staff,Sales,72966
442096,d004,Martijn,DiGiano,Senior Engineer,Production,52432
442312,d004,Zengping,Cusworth,Senior Engineer,Production,50796
442490,d004,Navid,Luke,Engineer,Production,90851
442653,d005,Mona,Hebden,Engineer,Development,64003
442700,d008,Siddarth,Masada,Staff,Research,52753
442898,d004,Aksel,Gire,Engineer,Production,40000
443108,d003,Christfried,Atrawala,Senior Staff,Human Resources,60079
443485,d008,Marke,Klerer,Senior Staff,Research,54884
443841,d007,Shaw,Kading,Staff,Sales,91933
443873,d007,Vatsa,Ramsay,Senior Staff,Sales,60024
444070,d009,Heping,Skrikant,Senior Staff,Customer Service,40000
444099,d007,Kousuke,Worfolk,Senior Staff,Sales,81037
444208,d007,Irena,Cesareni,Senior Staff,Sales,81161
444465,d004,Prasadram,Bultermann,Senior Engineer,Production,47281
444487,d005,Udi,Rullman,Senior Engineer,Development,40000
444643,d008,Berna,Schonegge,Staff,Research,40000
445067,d006,Eldridge,Kawashima,Engineer,Quality Management,45253
445152,d008,Heping,Peac,Senior Staff,Research,49949
445226,d004,Oscar,Baumann,Engineer,Production,40000
445570,d005,Van,Nations,Technique Leader,Development,46882
445723,d004,Gaurav,Roison,Staff,Production,55964
445941,d004,Masako,Dechter,Technique Leader,Production,41871
445950,d006,Ebru,Valtorta,Engineer,Quality Management,40000
446121,d007,Fay,Cochrane,Staff,Sales,66901
446306,d004,Hercules,Kabayashi,Senior Engineer,Production,52162
446424,d005,DAIDA,Nooteboom,Engineer,Development,58549
446897,d004,Takahiro,Dalton,Technique Leader,Production,40000
446959,d005,Aram,Passino,Senior Engineer,Development,46058
447018,d004,Dannz,Miara,Engineer,Production,40000
447135,d003,Gennady,Rouquie,Senior Staff,Human Resources,40000
447232,d009,Aleksander,Schaaf,Senior Staff,Customer Service,102759
447376,d008,Kirk,Zongker,Staff,Research,70592
447544,d007,Stabislas,Kakkad,Senior Staff,Sales,86434
447613,d005,Paris,Restivo,Engineer,Development,43894
447877,d006,Make,Heuser,Senior Engineer,Quality Management,40000
447931,d007,Martijn,Jeong,Senior Staff,Sales,72595
447966,d004,Kamakshi,Hebert,Engineer,Production,57165
447982,d004,Shiv,Baezner,Engineer,Production,40000
447999,d005,Shiv,Vilarrasa,Engineer,Development,48626
448769,d004,Mong,Dichev,Technique Leader,Production,56886
448900,d007,Mart,Talmor,Staff,Sales,55122
448918,d004,Chiradeep,Arlazarov,Engineer,Production,48275
448994,d002,Haldun,Syang,Staff,Finance,55952
449815,d008,Fumitaka,Quittner,Senior Staff,Research,43762
449984,d005,Hinrich,Perin,Engineer,Development,40000
450184,d005,Selwyn,Henseler,Senior Engineer,Development,57687
450255,d005,Udo,Waymire,Technique Leader,Development,40000
450309,d006,Gill,Orlowska,Technique Leader,Quality Management,47695
450475,d002,Saeed,Bahl,Senior Staff,Finance,41804
450817,d006,DAIDA,Frolund,Senior Engineer,Quality Management,56583
450888,d007,Sedat,Rande,Senior Staff,Sales,55308
450934,d004,Chanjung,Raoux,Engineer,Production,40000
450936,d002,Yuriy,Ponthieu,Senior Staff,Finance,49451
451253,d007,Jaihie,Ozeri,Staff,Sales,66577
451272,d005,Jacopo,Krohm,Senior Engineer,Development,50905
451275,d008,Bedrich,Isard,Senior Staff,Research,40000
451333,d003,Radhika,Bonifati,Senior Staff,Human Resources,40000
452137,d009,Subir,Miake,Senior Engineer,Customer Service,59812
452206,d007,Arra,Esposito,Staff,Sales,57175
452325,d005,Taiji,Berstel,Engineer,Development,71879
452347,d007,Shigeichiro,Brattka,Staff,Sales,56042
452365,d005,Fei,Gadepally,Assistant Engineer,Development,40000
452956,d009,Gou,Thombley,Senior Engineer,Customer Service,44716
452957,d007,Alair,Nanard,Staff,Sales,60350
452982,d001,Lobel,Aloia,Senior Staff,Marketing,103154
453070,d003,Aran,Rosenbaum,Senior Staff,Human Resources,40000
453154,d009,Gao,Lally,Staff,Customer Service,40000
453644,d001,Berni,Takkinen,Senior Staff,Marketing,60389
453688,d006,Chinya,Leslie,Engineer,Quality Management,40000
453723,d004,Arne,Kohling,Senior Engineer,Production,40996
453760,d009,Ewing,Rajala,Staff,Customer Service,40000
453790,d005,Fai,Keirsey,Senior Engineer,Development,59270
453913,d001,Stein,Perng,Senior Staff,Marketing,66997
454338,d006,Mohammed,Georg,Engineer,Quality Management,40000
454378,d004,Gina,Ossenbruggen,Technique Leader,Production,63514
454736,d005,Nechama,Ermel,Engineer,Development,45224
454791,d004,Xiaoqiu,Pietracaprina,Senior Engineer,Production,70297
454825,d004,Kamakshi,Schusler,Senior Engineer,Production,55857
454994,d004,Mohan,Picht,Engineer,Production,40000
455175,d001,Soenke,Zaumen,Senior Staff,Marketing,40000
455284,d006,Luisa,Baig,Senior Engineer,Quality Management,40000
455726,d007,Qiwen,Kriebel,Senior Staff,Sales,89978
455814,d004,Giao,DuCasse,Engineer,Production,40757
455914,d005,Peer,Angelopoulos,Senior Engineer,Development,62820
456767,d007,Tetsurou,Schreiter,Staff,Sales,81806
456982,d005,Shounak,Dratva,Engineer,Development,41631
457070,d003,Gay,Plavsic,Staff,Human Resources,40000
457146,d008,Jinpo,Heyers,Staff,Research,58534
457305,d007,Sorina,Lakshmanan,Staff,Sales,71290
457337,d006,Xumin,Beidas,Technique Leader,Quality Management,40000
457411,d005,Xudong,Peck,Senior Engineer,Development,40000
457489,d004,Berna,Ranst,Engineer,Production,42727
457611,d005,Indrajit,Krogh,Engineer,Development,40000
457776,d004,Florian,Siepmann,Engineer,Production,42709
457813,d004,Foong,Gargeya,Engineer,Production,40000
457832,d005,Jackson,Zielinski,Senior Engineer,Development,40000
457938,d009,Arch,Picco,Staff,Customer Service,56568
458111,d004,Florian,Tramer,Engineer,Production,76812
458134,d003,Thanasis,Standera,Staff,Human Resources,40000
458191,d008,George,Atchley,Staff,Research,71591
458383,d005,Mabhin,Foote,Engineer,Development,40000
458726,d009,Shahaf,Kitai,Staff,Customer Service,40000
458790,d004,Ramya,Azadmanesh,Senior Engineer,Production,40000
459172,d005,Val,Rissanen,Engineer,Development,58787
459356,d005,Pramod,Wendorf,Engineer,Development,40000
459429,d007,Mohit,Verhaegen,Senior Staff,Sales,92397
459685,d006,Hirochika,Goldhammer,Engineer,Quality Management,44433
460131,d007,Adly,Hambrick,Staff,Sales,68182
460691,d003,Munehiko,Gihr,Senior Staff,Human Resources,40000
460707,d005,Yoshinari,Lanteri,Engineer,Development,40000
460920,d007,Remzi,Mitzlaff,Senior Staff,Sales,77844
461120,d008,Shietung,Gelosh,Senior Engineer,Research,68304
461270,d007,Mrinalini,Mawatari,Staff,Sales,76737
461801,d009,Sumali,Cooman,Staff,Customer Service,59006
462493,d006,Paloma,Gerlach,Senior Engineer,Quality Management,40000
462795,d008,Somnath,Cummings,Senior Staff,Research,47611
463023,d001,Itzchak,Penn,Staff,Marketing,53407
463099,d002,Jinxi,Schmiedel,Senior Staff,Finance,59911
463212,d006,Ramya,Rossi,Senior Engineer,Quality Management,47857
463472,d009,Jaber,Sethi,Technique Leader,Customer Service,40000
463495,d003,Alenka,Barriga,Senior Staff,Human Resources,40000
464284,d007,Huiqun,Henders,Senior Staff,Sales,85882
464303,d009,Abdelghani,Nyrup,Senior Staff,Customer Service,48803
465062,d004,Stafford,Gist,Senior Engineer,Production,44624
465076,d004,Tokuyasu,Ghelli,Senior Engineer,Production,58601
465085,d009,Vidar,Gunderson,Senior Staff,Customer Service,40000
465409,d001,Shahid,Varman,Senior Staff,Marketing,67038
465501,d003,Mrinalini,Gire,Staff,Human Resources,40000
465711,d005,Lakshmi,Frijda,Senior Engineer,Development,54507
465853,d003,Kwan,Kampfer,Staff,Human Resources,40000
449189,d007,Jahangir,Bernatsky,Senior Staff,Sales,52150
465874,d004,Herb,Picht,Assistant Engineer,Production,72099
466064,d007,Temple,Danlos,Senior Staff,Sales,48435
466509,d005,Bezalel,Verhoeff,Engineer,Development,40000
466367,d009,Hiroyasu,Strandh,Senior Staff,Customer Service,40000
467176,d003,Przemyslawa,Borovoy,Senior Staff,Human Resources,56585
466603,d001,Yechezkel,Nourani,Staff,Marketing,54724
466745,d003,Boalin,Birsak,Staff,Human Resources,40000
467269,d005,Nahum,Lambe,Technique Leader,Development,40000
467591,d001,Kiyotoshi,Hennebert,Staff,Marketing,52731
467392,d004,Mariusz,Rikino,Engineer,Production,45749
468360,d005,Huei,Saoudi,Technique Leader,Development,40000
467441,d004,Margareta,Bondorf,Engineer,Production,40000
467886,d001,Sivanarayana,Chandrasekhar,Senior Staff,Marketing,66865
467918,d009,Tsuneo,Skrikant,Staff,Customer Service,40000
468659,d005,Ranga,Lemarechal,Engineer,Development,40000
468773,d006,Baziley,Brookner,Engineer,Quality Management,41553
468417,d004,Kamakshi,Huhdanpaa,Engineer,Production,40000
469253,d005,Baruch,Basawa,Senior Engineer,Development,40000
469269,d004,Weiyi,Codenie,Engineer,Production,40000
469366,d006,Aiman,Wilfing,Senior Engineer,Quality Management,48989
469104,d006,Nadjib,Comellas,Engineer,Quality Management,42499
469399,d004,Hongzhu,Ruemmler,Engineer,Production,51576
469735,d005,Arif,Stranks,Senior Engineer,Development,65879
469527,d008,Halsur,Ibel,Staff,Research,43350
469529,d006,Neven,Rikino,Engineer,Quality Management,40247
469867,d008,Hein,Jonsson,Senior Staff,Research,49974
470456,d007,Reuven,Oehlmann,Senior Staff,Sales,45633
470472,d005,Zhiguo,Staudhammer,Engineer,Development,40000
471397,d008,Nigel,Zirintsis,Engineer,Research,40000
471532,d005,Feiyu,Decleir,Technique Leader,Development,46522
471552,d002,Basem,Lortz,Staff,Finance,42758
471939,d004,Kazuhiko,Marshall,Staff,Production,69487
472052,d005,Godehard,Chinal,Assistant Engineer,Development,52516
471911,d006,Arun,Zaccaria,Engineer,Quality Management,40000
472950,d004,Weidon,Fordan,Senior Engineer,Production,60425
472143,d007,Yahiko,Sommen,Senior Staff,Sales,78806
472238,d004,Jungsoon,Gubsky,Senior Engineer,Production,52860
473490,d008,Pantung,Reeker,Staff,Research,40000
472790,d005,Zhenbing,Ibel,Senior Engineer,Development,55035
473268,d007,Hugo,Sgarro,Senior Staff,Sales,55564
475087,d004,Genevieve,Snedden,Senior Engineer,Production,40000
473299,d007,Khaled,Penn,Staff,Sales,83582
473940,d004,Avishai,Majewski,Engineer,Production,46814
474331,d002,Sugwoo,Eugenio,Senior Staff,Finance,40000
474763,d005,Mayuko,Clouatre,Engineer,Development,61436
474796,d009,Zongyan,Shackel,Technique Leader,Customer Service,68336
475538,d003,Christophe,Leaver,Staff,Human Resources,40000
475258,d004,Fumiyo,Feinberg,Senior Staff,Production,40000
475938,d005,Shigeaki,Lanteri,Senior Engineer,Development,40000
475965,d005,Rimon,Pietracaprina,Senior Engineer,Development,40000
476327,d004,Reinhold,Binkley,Engineer,Production,51519
476055,d008,Girolamo,Schlumberger,Senior Staff,Research,40000
476122,d004,Khun,Spieker,Engineer,Production,40000
476361,d008,Doohun,Preusig,Technique Leader,Research,42446
477578,d005,Marit,Paludetto,Engineer,Development,83068
477350,d007,Terresa,Vigier,Staff,Sales,47167
477969,d005,Bluma,Mundy,Senior Engineer,Development,40000
478007,d004,Fumino,Narahara,Senior Engineer,Production,47559
478218,d008,Djenana,Erol,Engineer,Research,65244
478170,d005,Doowon,Schoegge,Assistant Engineer,Development,40000
478768,d004,Arun,Katzenelson,Engineer,Production,67237
478439,d005,Yuichiro,Bale,Technique Leader,Development,47250
479024,d004,Ewing,Kalorkoti,Engineer,Production,60882
478799,d001,Shaw,Borovoy,Senior Staff,Marketing,40297
479601,d008,Kayoko,Bahi,Staff,Research,65786
478833,d004,Pradeep,Valiente,Senior Engineer,Production,83315
478858,d009,Hidekazu,Perna,Staff,Customer Service,40000
479407,d004,Randi,Tomescu,Engineer,Production,46866
479695,d001,Masamitsu,Murrill,Staff,Marketing,40176
480035,d005,Sukumar,Georg,Staff,Development,40000
480268,d005,Gaurav,Cheshire,Technique Leader,Development,44209
480066,d006,Suebskul,Menhardt,Senior Engineer,Quality Management,40000
480407,d005,Deniz,Bennis,Engineer,Development,40000
481050,d003,Weiru,Burnard,Senior Staff,Human Resources,50385
480178,d008,Uinam,Rahier,Senior Staff,Research,55930
481397,d004,Luisa,Chelton,Assistant Engineer,Production,40000
481213,d007,Shigehiro,Haldar,Staff,Sales,73617
481764,d004,Teiji,Marrakchi,Senior Engineer,Production,60322
481790,d008,Haldun,Erie,Senior Engineer,Research,50133
482335,d005,Kwangyoen,Peck,Engineer,Development,56445
482354,d008,Jayson,Zockler,Staff,Research,40000
482755,d001,Jouni,Conia,Senior Staff,Marketing,77972
482885,d004,Shaunak,Brizzi,Assistant Engineer,Production,49347
482905,d002,Aral,Hebden,Senior Staff,Finance,65709
482944,d007,Duke,Journel,Senior Staff,Sales,96529
483675,d004,Hausi,Kamber,Engineer,Production,40000
483825,d004,Marek,Mitchem,Senior Engineer,Production,52817
483401,d007,Rosita,Pokrovskii,Senior Staff,Sales,50685
483978,d007,Dung,Tanemo,Senior Staff,Sales,100425
484126,d003,Manton,Lueh,Senior Staff,Human Resources,48754
484142,d003,Perry,Cooman,Senior Staff,Human Resources,40000
483838,d004,Sham,Kavanagh,Assistant Engineer,Production,40000
484756,d005,Phule,Ruemmler,Engineer,Development,40000
484498,d004,Herbert,Hammerschmidt,Engineer,Production,66106
485253,d009,Gladys,Parhami,Senior Staff,Customer Service,53582
485799,d008,Yoshimitsu,Litvinov,Senior Staff,Research,40000
485489,d005,Keiichiro,Armand,Assistant Engineer,Development,55395
485577,d005,Rafael,Menhoudj,Senior Engineer,Development,40000
485579,d005,Munehiro,Iwayama,Engineer,Development,44117
486068,d003,Yefim,Bernardeschi,Staff,Human Resources,54089
485817,d004,Mahmut,Bolotov,Engineer,Production,51242
486918,d007,Yagil,Remmers,Senior Staff,Sales,51627
486808,d006,Geoffrey,Siochi,Senior Engineer,Quality Management,40000
486956,d004,Matt,Ruemmler,Engineer,Production,63351
486958,d005,Tonny,Kropf,Engineer,Development,45160
487008,d007,Zhigen,Raney,Senior Staff,Sales,73387
487988,d003,Ekawit,Schaft,Senior Staff,Human Resources,40000
487505,d008,Uno,Jayawardene,Staff,Research,57439
488619,d004,Georgy,Bennis,Engineer,Production,58714
488095,d009,Francoise,Hegner,Senior Staff,Customer Service,40000
488142,d007,Denis,Narlikar,Senior Staff,Sales,40612
488482,d005,Kensyu,Tsunoo,Engineer,Development,44477
488540,d002,Breannda,Maquelin,Senior Staff,Finance,88346
488693,d005,Jiong,Zultner,Senior Engineer,Development,40000
488707,d007,Mihalis,Remmers,Senior Staff,Sales,61980
488752,d001,Nimmagadda,Baja,Senior Staff,Marketing,44935
488788,d009,Wuxu,Garigliano,Senior Staff,Customer Service,55528
489928,d005,Satoru,Janetzko,Assistant Engineer,Development,43680
488984,d007,Kendra,Junet,Senior Staff,Sales,68524
489755,d003,Matk,Chorvat,Senior Staff,Human Resources,50263
489756,d002,Kersti,Miculan,Senior Staff,Finance,74625
490720,d006,Younwoo,Samarati,Senior Engineer,Quality Management,57642
490551,d005,Lalit,Lindqvist,Engineer,Development,52602
491478,d007,Gill,Varman,Senior Staff,Sales,50787
490557,d004,Luise,Vigier,Engineer,Production,45888
490568,d005,Zita,Reistad,Senior Engineer,Development,58375
491079,d005,Kwangsub,Keirsey,Senior Engineer,Development,47638
491162,d005,Panayotis,Hempstead,Senior Engineer,Development,55743
492000,d003,Valeska,Cools,Senior Staff,Human Resources,40000
491596,d004,Charmane,Pargas,Engineer,Production,40000
491632,d009,Gadiel,Perly,Staff,Customer Service,75387
492052,d009,Udo,Ratnakar,Staff,Customer Service,53754
492677,d004,Goetz,McAffer,Engineer,Production,57772
492217,d005,Heekeun,Verhaegen,Senior Engineer,Development,43116
493031,d009,Hironoby,Jakobus,Senior Staff,Customer Service,58953
492639,d005,Sanjoy,Porenta,Engineer,Development,63732
493048,d007,Muzhong,Berztiss,Senior Staff,Sales,87744
493096,d005,Sachem,Msuda,Engineer,Development,54424
493744,d004,Leni,Kropatsch,Senior Engineer,Production,40000
494019,d001,Morrie,Iisaku,Senior Staff,Marketing,65241
494088,d004,Phule,Dahlbom,Engineer,Production,53267
494493,d001,Masasuke,Koprowski,Staff,Marketing,96959
494995,d007,Yongmao,Pouyioutas,Staff,Sales,61003
496100,d009,Pranjal,Reinhard,Staff,Customer Service,40197
497174,d005,Sanjiv,Bressoud,Senior Engineer,Development,45255
496970,d004,Giordano,Maquelin,Senior Engineer,Production,58910
496978,d001,Danco,Debuse,Senior Staff,Marketing,74289
497340,d001,Fayez,Keohane,Senior Staff,Marketing,62550
497007,d009,Oldrich,Adachi,Engineer,Customer Service,42380
497391,d006,Paris,Lieblein,Engineer,Quality Management,74583
497835,d004,Shuho,Laurillard,Technique Leader,Production,40000
498337,d007,Naraig,Docker,Staff,Sales,65293
498185,d005,Caolyn,Marciano,Senior Engineer,Development,40000
498635,d007,Florian,Pezzoli,Staff,Sales,43577
498456,d009,Geraldo,Gerteisen,Staff,Customer Service,40000
498955,d004,Nechama,Kandlur,Engineer,Production,52314
498838,d008,Sanjay,Ciolek,Senior Staff,Research,40000
498845,d005,Arumugam,Pelc,Senior Engineer,Development,40000
499194,d009,Padma,Delgrange,Senior Staff,Customer Service,61589
499260,d004,Danae,Honglei,Engineer,Production,40000
499495,d005,Baoqiu,Kakkar,Engineer,Development,40000
